PlayerID,Age,Gender,Location,GameGenre,PlayTimeHours,InGamePurchases,GameDifficulty,SessionsPerWeek,AvgSessionDurationMinutes,PlayerLevel,AchievementsUnlocked,EngagementLevel
9000,43,Male,Other,Strategy,16.271118760553215,0,Medium,6,108,79,25,Medium
9001,29,Female,USA,Strategy,5.525961380570566,0,Medium,5,144,11,10,Medium
9002,22,Female,USA,Sports,8.223755243499511,0,Easy,16,142,35,41,High
9003,35,Male,USA,Action,5.265351277318268,1,Easy,9,85,57,47,Medium
9004,33,Male,Europe,Action,15.53194452113429,0,Medium,2,131,95,37,Medium
9005,37,Male,Europe,RPG,20.561855414112554,0,Easy,2,81,74,22,Low
9006,25,Male,USA,Action,9.752716365932255,0,Hard,1,50,13,2,Low
9007,25,Female,Asia,RPG,4.401729344841462,0,Medium,10,48,27,23,Medium
9008,38,Female,Europe,Simulation,18.15273259575482,0,Easy,5,101,23,41,Medium
9009,38,Female,Other,Sports,23.942771725289525,0,Easy,13,95,99,36,High
9010,17,Male,USA,Strategy,4.829915833543258,0,Hard,8,95,14,12,High
9011,36,Female,Asia,Simulation,5.53598092541321,1,Easy,16,124,62,31,High
9012,16,Male,USA,Sports,18.776233805679176,1,Easy,9,18,52,32,High
9013,38,Female,USA,Strategy,8.701959180591404,0,Easy,0,156,33,47,Low
9014,44,Male,USA,Simulation,17.975200475946355,0,Easy,8,41,98,1,Low
9015,16,Male,Europe,RPG,7.9515113390570535,0,Medium,10,156,58,24,High
9016,35,Male,Asia,Strategy,17.88789845694821,0,Easy,16,154,62,4,High
9017,47,Male,USA,RPG,17.272112901806345,0,Medium,2,131,13,9,Low
9018,26,Female,Asia,Action,19.416078735805648,0,Easy,3,135,77,25,Medium
9019,36,Female,Asia,RPG,19.3388255215677,0,Easy,4,56,21,30,Low
9020,39,Female,USA,Sports,1.7225809816138815,0,Easy,2,177,34,37,Medium
9021,41,Female,USA,Sports,16.16768979311812,0,Easy,18,159,36,33,High
9022,42,Male,USA,Sports,10.44812618560384,0,Medium,2,120,81,5,Low
9023,30,Male,Europe,Strategy,17.959834855223,0,Easy,14,117,40,19,High
9024,29,Male,Europe,Sports,22.56472310015379,0,Medium,12,161,1,22,High
9025,17,Female,USA,Sports,10.311459919262397,0,Hard,4,82,1,7,Medium
9026,21,Male,USA,Strategy,4.898342485762538,0,Medium,12,118,71,26,High
9027,35,Male,USA,Sports,14.594424641527599,0,Easy,18,177,59,18,High
9028,23,Male,Europe,Simulation,3.2183650776686212,0,Easy,14,57,2,1,Medium
9029,32,Female,USA,Sports,4.128575768252703,0,Easy,1,155,85,37,Low
9030,18,Female,Asia,Simulation,22.85867253938618,0,Easy,3,67,35,2,Low
9031,39,Male,USA,Sports,3.374945771843211,1,Easy,5,70,50,11,Medium
9032,28,Female,Europe,Action,14.527638765802958,0,Hard,0,127,48,48,Low
9033,23,Male,USA,Simulation,18.964324125931693,0,Hard,19,48,62,42,Medium
9034,40,Male,USA,Strategy,11.72896470228836,0,Hard,0,120,24,18,Low
9035,16,Female,USA,RPG,17.491258097283612,0,Medium,18,166,24,17,High
9036,34,Male,Europe,Action,13.776451193864395,0,Hard,19,28,79,41,Medium
9037,42,Male,USA,Strategy,23.958349383365025,0,Medium,17,61,26,26,Medium
9038,21,Female,Europe,Action,1.9080071501124571,0,Medium,11,112,14,0,Medium
9039,22,Female,Europe,Sports,5.5601059679590294,0,Hard,3,116,52,44,Medium
9040,49,Female,Europe,Strategy,13.714087008439236,1,Medium,15,43,93,29,Medium
9041,28,Male,Other,RPG,12.283925798967001,0,Medium,4,151,76,35,Medium
9042,31,Male,USA,Action,2.244646562637268,0,Medium,15,68,88,39,Medium
9043,18,Male,Other,RPG,13.153809578502678,0,Medium,12,115,98,7,Medium
9044,16,Female,Europe,Action,2.61963355317819,0,Easy,14,149,10,34,High
9045,20,Male,Asia,RPG,16.58532904749496,0,Medium,19,65,34,46,Medium
9046,18,Male,USA,RPG,15.65317440909562,0,Easy,17,176,45,43,High
9047,43,Male,USA,Strategy,1.5959787198659905,0,Medium,3,31,73,49,Low
9048,32,Female,USA,Sports,11.198056677031936,0,Easy,19,77,51,38,High
9049,40,Male,Europe,Sports,17.06770113669252,0,Hard,8,94,31,13,Medium
9050,48,Male,Other,RPG,19.216494885917577,0,Hard,3,146,22,32,Medium
9051,24,Male,USA,Sports,0.8741881074057289,0,Medium,8,45,19,21,High
9052,28,Male,Europe,Simulation,11.216713856822746,0,Easy,8,134,64,25,Medium
9053,45,Male,Europe,Simulation,23.70289731941193,1,Easy,1,50,95,26,Low
9054,29,Male,Europe,RPG,9.210122598314193,1,Easy,15,171,6,16,High
9055,22,Female,USA,RPG,12.818930926253454,1,Easy,8,46,8,0,Medium
9056,28,Male,USA,Simulation,7.181065650658029,0,Easy,8,139,20,1,Medium
9057,37,Male,USA,Simulation,1.3216351452681234,1,Easy,15,36,88,36,Medium
9058,35,Male,USA,Simulation,21.686274632514692,0,Easy,15,148,73,43,High
9059,30,Female,USA,Strategy,15.154138638867636,0,Easy,9,153,46,19,Medium
9060,32,Male,USA,Action,12.555121569353721,0,Hard,11,138,27,13,High
9061,38,Female,USA,Strategy,19.463563663701805,0,Medium,19,155,35,30,High
9062,40,Female,Europe,Simulation,3.5296239780154055,0,Easy,2,94,76,42,Medium
9063,39,Male,Other,Action,20.855935292615897,0,Hard,16,140,10,16,High
9064,43,Male,Other,Sports,14.627357000797517,0,Easy,1,16,38,43,Low
9065,29,Female,USA,Simulation,17.00264693146226,1,Easy,16,135,80,43,High
9066,15,Female,USA,Simulation,14.896177519430692,0,Easy,6,49,58,42,Medium
9067,39,Female,Other,Sports,19.752971845981367,0,Medium,7,46,26,47,Medium
9068,21,Female,Europe,Action,19.025309404996168,0,Easy,13,30,3,40,Medium
9069,23,Male,Other,Simulation,13.724648498671087,1,Medium,17,167,72,24,High
9070,38,Female,Europe,Action,20.16071100731581,0,Easy,13,79,29,32,Medium
9071,15,Male,Asia,Strategy,18.85035866001133,0,Medium,7,111,45,2,Medium
9072,22,Male,Europe,RPG,12.082181787612544,1,Easy,7,79,46,32,Medium
9073,38,Female,Europe,Strategy,2.2623788685222417,0,Medium,12,131,12,37,High
9074,25,Male,Europe,RPG,20.812949081354795,1,Easy,19,109,91,48,High
9075,31,Male,USA,Simulation,9.00911457935074,0,Easy,14,106,23,1,High
9076,22,Male,Asia,Strategy,19.663555948593377,1,Medium,3,29,9,30,Low
9077,49,Male,USA,Strategy,18.53536572246272,1,Easy,0,83,15,4,Low
9078,49,Female,USA,Sports,2.040757120839902,1,Easy,12,70,33,33,Medium
9079,47,Male,Asia,RPG,6.534987238893371,0,Easy,10,14,15,25,Low
9080,19,Female,Europe,RPG,19.8608123586172,1,Easy,1,139,24,0,Low
9081,42,Male,USA,Simulation,13.981026479981786,0,Medium,12,34,14,15,Medium
9082,21,Male,USA,Sports,7.743327855210592,0,Easy,5,77,40,38,Medium
9083,23,Male,USA,Sports,3.7993760618991423,1,Easy,12,41,73,10,Medium
9084,22,Male,USA,RPG,10.391518408495156,0,Easy,19,102,14,24,High
9085,26,Male,USA,Sports,15.07465364685181,0,Medium,4,117,4,49,Medium
9086,48,Female,Asia,Action,8.45765169975634,1,Easy,3,122,89,24,Medium
9087,47,Male,Europe,Simulation,14.432201516019694,0,Hard,18,14,78,4,Low
9088,37,Male,USA,Strategy,19.501707922419776,0,Medium,11,147,40,49,High
9089,38,Male,Europe,RPG,6.496475465416331,1,Medium,8,107,11,7,Medium
9090,49,Male,USA,Sports,2.1494952130714235,0,Medium,14,36,59,35,Medium
9091,36,Male,USA,Sports,4.31332838120464,0,Easy,1,73,76,15,Low
9092,41,Female,Europe,Sports,5.694275828168046,1,Easy,7,12,77,28,Low
9093,49,Male,Asia,Simulation,3.1093326260751075,0,Easy,0,99,80,42,Low
9094,15,Male,Asia,Strategy,9.744040836920973,1,Hard,4,32,33,42,Low
9095,49,Male,Europe,Sports,7.838044518431901,0,Easy,19,126,3,14,High
9096,28,Male,USA,Strategy,9.208410715098555,1,Medium,1,84,61,39,Low
9097,17,Male,Europe,Strategy,8.644038308703859,0,Easy,3,117,1,11,Medium
9098,15,Female,Europe,Simulation,5.970601392200956,0,Easy,11,55,54,37,Medium
9099,19,Female,USA,Sports,15.377172223047586,0,Hard,14,93,65,42,High
9100,40,Male,Europe,Sports,5.80504022403155,0,Medium,5,40,89,29,Medium
9101,28,Female,Europe,Strategy,22.350824629219,0,Hard,11,109,53,18,Medium
9102,41,Male,Europe,Sports,7.648375781283178,0,Easy,2,33,54,33,Low
9103,23,Female,Europe,Simulation,22.876692544657125,0,Medium,8,91,38,14,Medium
9104,29,Female,Other,Sports,4.557998876469405,0,Easy,16,36,22,36,Medium
9105,29,Male,Europe,Sports,2.0673841286865047,1,Easy,15,101,73,45,High
9106,40,Male,Asia,Sports,7.383373195576563,0,Easy,15,24,56,17,Medium
9107,27,Male,Other,Simulation,7.733396192629242,0,Hard,17,72,45,48,Medium
9108,46,Male,Asia,Strategy,19.40450332244644,1,Medium,9,127,75,32,Medium
9109,46,Male,Other,Strategy,18.553968214485046,0,Easy,12,96,2,21,Medium
9110,18,Female,Asia,Sports,4.456026910768445,0,Easy,16,121,10,35,High
9111,44,Male,USA,Simulation,22.143222508759678,0,Hard,7,60,5,30,Medium
9112,37,Male,USA,Sports,8.499982200955518,0,Medium,18,145,88,15,High
9113,29,Female,USA,Simulation,23.694606600294044,0,Medium,3,51,72,44,Low
9114,43,Female,USA,Simulation,23.165252611397225,0,Easy,14,96,42,47,High
9115,27,Male,USA,Strategy,6.549913698732847,0,Hard,18,111,34,9,High
9116,46,Female,Asia,Action,10.825598338043754,0,Medium,12,142,24,18,High
9117,21,Female,USA,Action,20.277652343428393,1,Easy,17,142,12,20,High
9118,36,Male,Asia,RPG,7.245611011215005,0,Easy,3,69,52,14,Low
9119,42,Male,Other,RPG,10.776915901085236,0,Medium,7,154,23,19,Medium
9120,16,Female,USA,Action,4.622791147216765,1,Easy,17,149,48,14,High
9121,20,Female,USA,Strategy,11.929378551497177,0,Medium,11,75,69,25,Medium
9122,42,Male,Asia,RPG,6.566794339859006,0,Hard,15,17,19,43,Low
9123,42,Male,USA,Action,2.7313181997200733,0,Medium,17,62,77,35,Medium
9124,34,Female,USA,Strategy,16.591687482718527,0,Medium,13,124,35,43,High
9125,44,Female,USA,RPG,8.583797272700018,0,Medium,11,34,8,11,Medium
9126,25,Female,USA,RPG,12.763140085923613,0,Medium,7,108,76,1,Medium
9127,42,Female,Asia,Action,13.297752190463775,0,Easy,19,157,85,7,High
9128,39,Female,Europe,RPG,14.173755660725835,0,Easy,15,108,49,32,High
9129,47,Female,USA,Strategy,18.49464367093109,0,Easy,2,65,92,45,Medium
9130,15,Female,Europe,Action,17.223879815467022,1,Hard,5,94,76,14,Medium
9131,41,Female,USA,Strategy,18.224655455153925,0,Medium,1,70,5,43,Low
9132,27,Male,USA,RPG,19.48783440802375,0,Medium,16,154,13,27,High
9133,17,Female,Europe,Strategy,9.483212067452136,0,Medium,7,78,54,36,Medium
9134,20,Male,Europe,Sports,19.047461153319887,0,Easy,18,14,49,5,Low
9135,22,Male,USA,Simulation,8.612156614530551,1,Hard,13,21,58,19,Low
9136,41,Male,Asia,RPG,9.987578341053727,0,Easy,1,124,15,24,Low
9137,23,Male,Asia,Sports,21.656382595501174,0,Easy,7,45,45,42,Medium
9138,47,Male,Other,Simulation,16.209307153657114,0,Medium,6,62,96,40,Medium
9139,38,Female,Europe,Action,5.990720486362284,1,Medium,7,43,72,16,Medium
9140,29,Female,USA,Simulation,15.973762574875897,0,Easy,1,69,81,14,Low
9141,46,Female,Asia,Action,3.683183597785032,0,Easy,19,42,64,31,Medium
9142,46,Female,USA,Sports,6.252455837162762,1,Hard,8,103,54,36,Medium
9143,38,Male,USA,Simulation,1.3485441645161362,1,Hard,3,124,82,4,Medium
9144,26,Male,Asia,RPG,16.331728199932105,1,Hard,16,52,87,2,Medium
9145,16,Male,Other,Sports,22.755435580784155,1,Easy,12,132,4,4,High
9146,17,Male,USA,Simulation,22.397026414328703,0,Easy,17,105,60,37,High
9147,31,Female,USA,Strategy,19.390309545820596,0,Easy,11,27,23,13,Low
9148,16,Male,Europe,Strategy,3.8446831820232203,0,Hard,3,159,8,44,Low
9149,16,Male,Other,Action,20.256331595040905,0,Easy,9,19,95,31,Medium
9150,42,Male,Europe,Sports,0.06964325804179161,0,Hard,18,117,40,0,High
9151,37,Male,Asia,Strategy,21.99256342919033,0,Easy,9,138,13,19,Medium
9152,46,Male,Other,Simulation,16.89538519745816,0,Hard,0,140,95,46,Low
9153,47,Female,Europe,RPG,4.200586153886301,1,Hard,19,70,49,44,High
9154,15,Male,Asia,Action,13.541251804375381,0,Easy,8,39,45,45,Medium
9155,33,Male,Europe,Simulation,15.047202136340912,0,Easy,11,92,39,43,Medium
9156,16,Male,Europe,Action,6.43544723306335,0,Easy,9,50,82,18,Medium
9157,40,Female,Europe,Strategy,20.427872446354915,0,Medium,3,138,36,30,Medium
9158,46,Male,Europe,Sports,12.306317179031524,1,Medium,11,179,91,4,High
9159,20,Male,Europe,RPG,13.545984293255724,1,Hard,12,135,66,49,High
9160,46,Male,Europe,Strategy,21.26668304303152,0,Easy,18,164,26,41,High
9161,18,Female,Europe,Sports,15.711803560774971,0,Easy,11,90,2,5,Medium
9162,25,Female,USA,RPG,14.159710470426695,0,Easy,8,110,33,28,Medium
9163,31,Male,Europe,Sports,3.0226540352902598,0,Hard,12,103,80,13,High
9164,38,Female,USA,Strategy,13.000048094097826,0,Medium,0,146,4,13,Low
9165,19,Male,USA,RPG,21.93431700858416,1,Medium,10,30,55,9,Low
9166,48,Male,Asia,Simulation,14.55648155952392,0,Medium,15,133,32,25,High
9167,20,Male,USA,Strategy,6.831045096377894,0,Hard,4,166,81,31,Medium
9168,36,Male,Europe,Action,19.89311377371636,0,Easy,11,142,61,48,High
9169,25,Female,Asia,RPG,10.42417873030862,0,Medium,13,102,7,40,Medium
9170,30,Female,Europe,Sports,1.8999786148616158,0,Easy,5,144,79,13,Medium
9171,47,Male,USA,Strategy,11.597118678148016,0,Medium,15,67,83,27,Medium
9172,23,Male,USA,Sports,18.27652465418603,1,Medium,9,105,56,39,Medium
9173,20,Male,USA,Simulation,22.044392327303783,0,Medium,4,98,67,26,Medium
9174,30,Male,USA,Sports,15.948489997170093,0,Medium,14,89,67,14,Medium
9175,43,Female,USA,Strategy,20.12914668256816,0,Medium,3,80,5,41,Low
9176,17,Female,Europe,RPG,17.9931805634337,1,Easy,6,24,49,1,Low
9177,34,Female,USA,Strategy,4.372198464901213,1,Easy,16,31,20,20,Medium
9178,33,Male,Other,Action,23.620041289280742,0,Hard,19,105,3,37,High
9179,40,Female,Europe,Action,1.354730944210508,0,Easy,16,47,61,7,Medium
9180,17,Male,Europe,Sports,6.574572253509393,0,Easy,18,20,23,19,Medium
9181,33,Female,Europe,Sports,18.321743627753673,0,Easy,6,149,16,17,Medium
9182,34,Male,Europe,Strategy,3.216007888051876,0,Easy,13,50,10,2,Medium
9183,46,Male,Europe,Sports,13.631729677404424,0,Easy,14,10,64,39,Low
9184,21,Male,Asia,Sports,15.136122792331461,0,Easy,9,116,62,3,Medium
9185,47,Male,Asia,Sports,16.499476486422957,0,Easy,15,152,36,5,High
9186,32,Female,Europe,RPG,3.85561961786126,0,Medium,14,128,79,24,High
9187,15,Female,Other,Action,4.978798830139363,1,Hard,16,65,74,23,Medium
9188,25,Female,Europe,RPG,2.974934186662944,0,Easy,1,71,49,48,Low
9189,42,Male,USA,Strategy,4.110147347154558,0,Easy,12,90,67,35,Medium
9190,39,Male,USA,Simulation,19.99260066954823,0,Medium,16,151,64,36,High
9191,37,Female,USA,Action,2.729469336219645,0,Easy,4,121,14,11,Medium
9192,45,Female,Other,Strategy,9.634591876016081,1,Easy,5,48,84,15,Low
9193,44,Male,USA,Sports,0.3702480485716846,1,Easy,19,55,29,30,Medium
9194,49,Female,USA,Simulation,18.325518833316803,0,Hard,9,45,68,49,Medium
9195,21,Female,Asia,Simulation,22.97264608486355,0,Medium,10,111,52,23,Medium
9196,30,Female,USA,Simulation,7.184139994380142,1,Easy,2,12,62,40,Low
9197,40,Male,USA,RPG,7.317818788521064,1,Hard,6,36,39,24,Low
9198,16,Female,Asia,Strategy,13.774599336278328,1,Easy,14,102,54,44,High
9199,15,Male,Europe,RPG,3.1469932675982877,0,Medium,3,57,50,14,Low
9200,26,Female,Europe,RPG,14.448485059584431,0,Hard,5,175,75,7,Medium
9201,19,Male,USA,Action,13.206464671501784,0,Easy,13,14,71,48,High
9202,46,Female,Europe,RPG,9.581422959226586,0,Easy,16,84,26,29,Medium
9203,23,Female,Asia,Sports,16.82033324174349,0,Medium,5,88,55,39,Medium
9204,49,Male,Asia,Simulation,13.04654124266425,0,Easy,14,159,45,28,High
9205,33,Female,Europe,Strategy,20.255259084659322,0,Easy,12,125,54,26,High
9206,30,Male,USA,RPG,17.44815007107466,0,Easy,1,74,26,15,Low
9207,17,Male,Asia,Strategy,13.928841782702174,0,Easy,10,103,94,8,Medium
9208,34,Male,Europe,Action,7.61448463495335,0,Easy,3,33,10,35,Low
9209,38,Male,Asia,Simulation,0.6899550435470942,1,Medium,7,60,44,1,Medium
9210,47,Female,USA,Action,8.911863426695152,0,Easy,8,20,68,12,Low
9211,38,Male,Europe,RPG,18.55274687578926,0,Medium,2,93,30,20,Low
9212,25,Female,Other,Strategy,21.391703085861998,0,Easy,15,166,12,42,High
9213,22,Male,USA,Action,20.423897033001715,0,Easy,8,91,87,34,Medium
9214,34,Female,Other,Simulation,8.868238178525782,1,Medium,1,168,47,23,Low
9215,49,Male,USA,RPG,0.7170876441501903,0,Easy,19,32,72,26,Medium
9216,39,Male,Europe,RPG,22.499660632378887,1,Easy,18,109,92,28,High
9217,49,Female,Asia,Simulation,16.407666343253425,0,Easy,14,118,85,21,High
9218,39,Male,USA,Action,11.509506149071031,0,Easy,9,76,25,4,Medium
9219,43,Female,Asia,Strategy,18.682070568279006,0,Easy,4,169,78,5,Medium
9220,32,Male,USA,Simulation,2.146500572209561,0,Easy,6,172,33,43,Medium
9221,32,Male,Europe,Action,2.0875797562794753,0,Medium,18,179,42,3,High
9222,16,Female,Asia,Sports,16.97257122809584,0,Medium,10,138,90,8,Medium
9223,49,Female,USA,Action,1.623253181653097,0,Easy,17,27,33,38,Medium
9224,30,Male,USA,Action,1.1785839800921911,0,Medium,4,170,45,20,Medium
9225,47,Female,Other,Sports,17.286697607074213,0,Easy,14,150,50,30,High
9226,18,Male,Asia,Simulation,17.79411288336275,0,Easy,3,118,61,45,Medium
9227,47,Male,Asia,Simulation,9.90698720356799,0,Medium,1,82,14,48,Low
9228,28,Male,Europe,Action,9.398654752872655,0,Easy,2,121,82,19,Low
9229,35,Female,Asia,Sports,10.608533609506894,0,Easy,19,164,61,47,High
9230,34,Male,Other,Strategy,8.856054521931455,0,Easy,15,70,26,29,Medium
9231,22,Male,Europe,Action,10.707680703625662,0,Easy,1,140,81,30,Low
9232,21,Female,Asia,Strategy,4.453186248993083,0,Medium,0,146,58,37,Low
9233,17,Male,USA,RPG,14.015747922351792,1,Easy,11,23,4,7,Low
9234,31,Male,Europe,Simulation,12.409088586391764,1,Easy,11,87,88,34,Medium
9235,47,Male,USA,Action,15.972033037206106,0,Easy,4,76,69,43,Medium
9236,26,Male,Europe,Action,4.381658634610372,0,Easy,3,68,5,2,Low
9237,36,Male,USA,Sports,2.1331622085625748,1,Hard,2,71,91,13,Low
9238,36,Male,USA,Sports,19.34566527732695,0,Easy,13,160,3,0,High
9239,44,Male,USA,RPG,21.698472616540514,0,Hard,15,101,24,7,Medium
9240,22,Male,Europe,Sports,4.129688542183922,0,Hard,1,122,90,42,Medium
9241,41,Female,Europe,Strategy,9.98472880220081,1,Easy,12,61,88,42,Medium
9242,41,Female,USA,Sports,17.404774401438523,0,Hard,1,26,42,24,Low
9243,48,Female,Other,Sports,12.586931645419732,0,Easy,18,79,52,1,Medium
9244,35,Male,USA,Action,13.605657669675175,0,Easy,10,65,96,15,Medium
9245,44,Male,Asia,Sports,8.210817815441171,0,Medium,10,63,54,20,Medium
9246,47,Female,USA,Action,2.8794355360014148,0,Medium,10,36,6,27,Medium
9247,42,Female,USA,Strategy,23.052228492827478,1,Easy,11,144,49,41,High
9248,47,Male,USA,RPG,17.84181542715376,0,Hard,3,88,56,41,Medium
9249,19,Male,Other,RPG,7.702088004425916,1,Medium,2,159,17,32,Medium
9250,33,Female,Asia,Action,17.154279799063623,0,Easy,3,57,62,9,Low
9251,18,Male,USA,RPG,9.378216853442584,0,Medium,1,95,40,32,Low
9252,49,Male,USA,Sports,4.680904119898592,0,Medium,0,75,7,36,Medium
9253,31,Male,Europe,Simulation,16.269288222360863,0,Easy,17,52,94,9,Medium
9254,42,Female,USA,Simulation,9.85265824315088,0,Easy,7,107,96,26,Medium
9255,44,Female,Other,Simulation,2.7632903525334918,1,Easy,17,174,82,2,Low
9256,43,Female,Asia,Simulation,8.012559138925674,0,Hard,19,33,92,15,Medium
9257,20,Female,Asia,Sports,9.382503830481472,0,Hard,5,68,15,43,Medium
9258,49,Male,USA,Strategy,9.289914071234358,1,Easy,9,42,68,14,Medium
9259,38,Female,USA,Strategy,13.721984509391987,0,Easy,15,165,71,8,High
9260,43,Male,Other,RPG,10.484388577299274,1,Medium,12,10,56,38,Low
9261,45,Male,Europe,Sports,17.769281534284076,1,Medium,18,66,47,0,Medium
9262,49,Female,Europe,RPG,14.95271715871735,0,Medium,17,65,5,47,Medium
9263,47,Male,Europe,RPG,12.58329193982178,0,Easy,9,140,7,36,Low
9264,35,Male,USA,Strategy,18.289154324577385,0,Hard,11,56,63,9,Medium
9265,46,Female,Asia,Simulation,22.356748853299987,0,Medium,4,28,28,35,Low
9266,37,Female,Other,Action,5.387593847876657,1,Easy,6,104,76,18,Medium
9267,47,Male,USA,Sports,18.980540801877705,0,Medium,17,14,93,36,Medium
9268,17,Male,USA,Simulation,10.338638149137381,0,Medium,0,60,25,32,Low
9269,32,Male,USA,RPG,13.60619707608962,0,Medium,17,44,71,37,Medium
9270,39,Female,USA,Action,19.716625789361512,0,Medium,17,57,47,33,Medium
9271,45,Male,USA,Simulation,13.337523698339428,1,Easy,0,121,20,26,Low
9272,17,Female,USA,Strategy,4.374306505755923,0,Medium,2,93,77,7,Low
9273,38,Male,USA,Sports,23.46098142584398,0,Medium,0,146,48,27,Low
9274,46,Male,Europe,Strategy,20.182441817205255,1,Easy,8,92,95,49,Medium
9275,36,Male,Asia,RPG,2.5223100375372853,0,Easy,2,146,3,34,Low
9276,37,Male,Other,RPG,4.106261082588432,1,Easy,2,14,69,38,Low
9277,16,Female,USA,Simulation,8.453867280194387,0,Medium,10,127,77,37,High
9278,41,Female,Europe,RPG,11.35633640163417,0,Easy,10,87,77,38,Medium
9279,16,Male,Europe,Action,3.895109261990803,0,Easy,0,24,50,36,Low
9280,40,Male,Europe,Action,10.770777307401687,1,Hard,1,145,60,25,High
9281,31,Female,Asia,RPG,10.721183063895026,0,Easy,5,158,66,29,Medium
9282,47,Male,USA,Simulation,6.159609307346505,0,Hard,7,162,91,11,Medium
9283,23,Female,USA,Action,3.5415643286803995,1,Easy,14,12,75,43,Medium
9284,43,Male,USA,Sports,3.840848787036875,0,Easy,2,179,1,38,Medium
9285,40,Male,USA,Simulation,19.944758525438868,1,Easy,10,101,11,39,High
9286,49,Male,Europe,Simulation,19.087594402169337,0,Easy,8,87,13,28,Medium
9287,39,Male,USA,Action,0.4728419935895243,0,Easy,7,146,39,19,Medium
9288,38,Male,USA,RPG,5.2101755586295795,1,Hard,6,59,30,7,Medium
9289,27,Female,USA,Strategy,0.6736694323328276,0,Easy,16,124,7,45,High
9290,21,Male,USA,Sports,3.292908001595195,0,Medium,1,45,89,43,Low
9291,34,Male,USA,Strategy,1.8608236177227324,0,Hard,4,20,19,19,Low
9292,15,Male,Europe,Simulation,18.296240621030094,0,Hard,12,56,80,46,Medium
9293,22,Female,USA,Action,8.546766153418645,0,Hard,16,71,22,1,Medium
9294,30,Female,Other,RPG,16.818168995063274,0,Easy,2,44,75,24,Low
9295,28,Female,USA,Simulation,12.919492680572652,0,Easy,17,82,68,31,High
9296,26,Male,USA,Sports,5.898375472496607,0,Easy,11,55,44,1,Medium
9297,37,Female,USA,Simulation,11.93293467646334,1,Easy,12,79,40,5,Medium
9298,29,Female,Europe,Sports,5.56651790820465,0,Easy,11,107,93,46,Medium
9299,42,Male,Europe,RPG,8.241367744070885,0,Hard,18,107,76,8,High
9300,48,Male,Other,Sports,21.142037265625568,0,Easy,12,178,39,39,High
9301,16,Female,USA,Sports,19.572250286597647,0,Medium,13,45,83,27,Medium
9302,46,Male,USA,Action,10.510952353784651,0,Medium,9,108,83,48,Medium
9303,37,Male,Asia,RPG,4.023194951051734,1,Medium,15,70,24,36,Medium
9304,36,Male,Asia,Simulation,3.8230818124306527,0,Easy,19,43,11,25,Medium
9305,39,Male,USA,Simulation,15.614142450737948,0,Medium,0,158,7,48,Low
9306,36,Male,Asia,RPG,11.872008038745804,1,Hard,2,86,97,11,Low
9307,36,Female,Europe,Strategy,12.822161146387412,0,Medium,7,156,81,34,Medium
9308,20,Female,USA,RPG,1.8171188291189964,0,Medium,6,168,52,30,Medium
9309,29,Male,USA,RPG,9.104945684292648,1,Easy,12,28,7,1,Low
9310,47,Male,Europe,Sports,8.89797030896645,1,Easy,5,46,81,38,Medium
9311,22,Female,Asia,Sports,6.459650706649791,0,Easy,0,133,68,32,Low
9312,19,Female,USA,Sports,18.131752861566916,0,Easy,5,64,25,7,Low
9313,18,Male,USA,Simulation,3.213938504470609,1,Easy,6,83,14,47,Medium
9314,20,Female,USA,Action,18.921123790663284,0,Easy,2,64,54,25,Low
9315,46,Female,Asia,Strategy,2.0794938650471684,0,Easy,16,77,69,32,Medium
9316,44,Male,USA,Sports,3.738603376300234,0,Medium,8,125,12,46,Medium
9317,49,Male,Europe,Strategy,12.627876247456744,0,Hard,10,69,53,6,Medium
9318,30,Male,Asia,Strategy,13.865057211219456,0,Medium,6,79,38,17,Medium
9319,27,Female,Asia,Action,23.221451389501777,1,Medium,0,39,94,36,Low
9320,44,Male,Europe,Action,14.545053346162703,0,Hard,6,160,77,48,Medium
9321,33,Male,Europe,Simulation,13.533127389468113,0,Easy,12,21,75,6,Low
9322,31,Male,Europe,RPG,4.511941869479098,0,Medium,1,166,28,37,Low
9323,33,Female,Europe,Action,2.05998476913324,0,Medium,9,56,38,7,Medium
9324,42,Male,USA,Sports,18.964686310616955,1,Medium,11,70,92,2,Medium
9325,40,Female,Europe,RPG,18.566875058307993,1,Hard,14,94,47,47,High
9326,40,Female,USA,Strategy,10.167058148330895,0,Easy,15,80,46,46,Medium
9327,37,Female,Europe,Simulation,1.87239868483685,0,Medium,15,23,86,27,Medium
9328,23,Female,Asia,RPG,11.542651255518077,0,Easy,10,174,63,3,High
9329,26,Male,Europe,Action,9.623277972010987,0,Easy,16,66,95,44,Medium
9330,15,Female,Europe,Strategy,17.64640284504673,0,Hard,16,96,96,41,High
9331,15,Female,Asia,RPG,13.773157334973154,0,Medium,15,167,14,9,High
9332,48,Female,Europe,Action,3.3882897913240946,0,Hard,8,87,82,44,Medium
9333,46,Female,USA,Strategy,4.274060785097119,0,Hard,13,74,98,37,Medium
9334,39,Female,Europe,Action,3.5631172220619085,0,Hard,4,114,75,25,Medium
9335,15,Male,USA,Strategy,8.047579745644198,0,Easy,15,173,5,19,High
9336,30,Male,USA,Sports,6.7179823430628325,0,Medium,17,48,72,48,Medium
9337,19,Male,Europe,Sports,6.207654393071627,1,Easy,14,161,27,40,High
9338,36,Male,USA,Simulation,10.77518439244819,1,Medium,13,73,71,41,Medium
9339,43,Female,Asia,Strategy,19.911098340501173,1,Hard,2,138,62,8,Low
9340,17,Male,Europe,Simulation,7.51951419247216,0,Medium,4,151,15,22,Medium
9341,26,Male,USA,Action,7.052429875435953,1,Hard,9,104,55,45,Medium
9342,40,Female,USA,Simulation,11.169562878902221,0,Medium,2,64,63,1,Low
9343,30,Female,USA,RPG,7.5306538748200165,0,Easy,7,91,37,27,Medium
9344,36,Female,USA,Action,14.647922961151634,0,Easy,18,60,10,35,Medium
9345,43,Female,Asia,Simulation,1.623975015049366,0,Medium,3,177,2,12,Medium
9346,28,Male,USA,RPG,5.473668328105714,0,Medium,14,44,68,6,Medium
9347,42,Female,Europe,Action,18.023746097530157,0,Easy,7,32,98,32,Medium
9348,19,Male,Asia,Strategy,20.789431471525567,0,Easy,4,113,15,5,Medium
9349,44,Female,Europe,Simulation,10.084186467852955,0,Hard,4,92,21,19,Medium
9350,19,Male,USA,Action,5.706652627038606,0,Easy,4,72,25,46,Medium
9351,26,Female,Asia,Simulation,8.479900852976588,0,Medium,15,81,83,42,Medium
9352,30,Female,Europe,Strategy,19.775300227219095,1,Medium,9,41,84,15,Medium
9353,40,Male,Europe,Strategy,14.872138443330137,0,Easy,17,34,46,12,Medium
9354,40,Female,Other,Action,7.682005726578106,0,Hard,19,144,93,19,High
9355,35,Female,Europe,Sports,18.62241804792887,0,Medium,17,124,23,27,High
9356,47,Female,USA,Strategy,10.01709331406531,0,Easy,9,14,87,9,Low
9357,44,Male,Asia,Action,3.430048883574,1,Easy,8,133,47,11,Medium
9358,37,Male,USA,Sports,3.8159276410887113,0,Medium,4,112,23,1,Medium
9359,24,Male,Other,Strategy,23.60555570875318,0,Easy,17,102,49,17,High
9360,19,Male,Other,RPG,4.859998966706328,0,Easy,19,28,53,28,Medium
9361,48,Male,Europe,Sports,21.64075000805078,0,Medium,2,122,26,10,Low
9362,45,Female,USA,RPG,19.01939916230252,0,Medium,10,75,14,40,Medium
9363,24,Male,Europe,Simulation,8.543790282892141,1,Hard,1,126,50,13,Low
9364,33,Female,Europe,Simulation,8.54237760564358,0,Hard,13,101,50,4,Medium
9365,46,Male,USA,RPG,15.378451296808205,0,Medium,1,145,5,4,Low
9366,15,Male,USA,Sports,9.721219999972641,0,Medium,17,163,3,4,High
9367,19,Male,USA,Action,2.8819984030450687,0,Easy,15,173,2,44,High
9368,18,Female,Europe,Sports,22.979725250776887,0,Hard,8,49,28,15,Medium
9369,30,Female,Europe,Sports,9.415340297667779,0,Medium,5,52,69,3,Low
9370,38,Male,Other,RPG,6.386661882836195,1,Medium,2,77,14,28,Low
9371,30,Male,USA,RPG,2.047023299404107,0,Easy,11,174,47,42,High
9372,16,Male,USA,Sports,12.949687753857251,1,Easy,4,24,82,29,Low
9373,42,Female,USA,Strategy,10.155158739070544,0,Easy,13,50,78,49,Medium
9374,46,Female,Other,Sports,22.521424827774954,0,Easy,7,35,48,8,Low
9375,41,Female,USA,RPG,0.583743375195561,0,Easy,11,56,89,45,Medium
9376,34,Male,Other,Sports,22.89771475943452,0,Easy,14,106,84,39,High
9377,38,Male,Asia,RPG,21.230437453071247,0,Hard,2,66,32,8,Low
9378,26,Male,USA,Strategy,10.294385246788325,0,Easy,17,123,28,18,High
9379,49,Male,USA,RPG,10.292501332270488,0,Hard,14,156,71,34,High
9380,47,Male,USA,RPG,9.475786243817545,0,Medium,7,128,20,39,Medium
9381,47,Male,USA,RPG,7.405006403702183,0,Easy,8,111,99,22,Medium
9382,26,Male,Europe,Strategy,17.075552425217086,0,Hard,4,90,66,16,Medium
9383,17,Male,Europe,RPG,17.081753511092998,1,Hard,16,153,4,33,High
9384,15,Male,Asia,RPG,6.109435687012862,1,Easy,6,61,54,37,High
9385,47,Male,USA,RPG,9.880262339951368,1,Medium,11,174,23,32,High
9386,24,Female,USA,Simulation,3.971832607733578,0,Easy,6,53,43,26,Medium
9387,43,Female,Europe,Strategy,19.99388412818142,1,Medium,12,121,37,15,Low
9388,27,Male,USA,Simulation,6.3422007407584,0,Medium,12,145,14,44,High
9389,26,Female,Europe,Action,15.786657748304245,1,Hard,9,96,20,26,Medium
9390,45,Female,USA,Simulation,21.4541056501354,0,Easy,5,32,36,6,Low
9391,16,Male,USA,Strategy,7.825932651180232,0,Easy,2,110,19,38,Low
9392,49,Male,Asia,Action,16.89758544904313,1,Easy,1,91,4,47,Low
9393,37,Female,Asia,Strategy,15.269772316562818,0,Hard,15,171,97,39,High
9394,31,Female,USA,Strategy,11.201660511584702,0,Hard,18,51,53,42,Medium
9395,40,Male,Europe,Sports,19.174123988182593,0,Easy,16,128,42,8,High
9396,22,Male,USA,RPG,17.42815964169649,1,Easy,10,51,12,26,Medium
9397,43,Female,USA,Strategy,17.14746513335139,0,Medium,2,89,69,23,Low
9398,40,Male,Europe,RPG,15.282489979569853,0,Easy,19,18,48,2,Medium
9399,24,Female,USA,Simulation,5.26660843697899,0,Easy,2,123,60,34,Medium
9400,40,Male,USA,Simulation,22.105903190411347,0,Hard,13,55,31,47,Medium
9401,48,Female,USA,Sports,8.494302901140955,0,Easy,1,46,29,20,Low
9402,21,Male,Europe,Sports,19.77525339825399,1,Medium,3,107,97,21,Medium
9403,18,Male,USA,RPG,15.56805848043232,0,Hard,9,138,86,5,Medium
9404,25,Female,Other,RPG,7.5639974312313525,0,Easy,14,94,21,20,Medium
9405,43,Male,USA,Simulation,21.661718232111575,1,Hard,13,106,69,23,High
9406,39,Male,USA,Simulation,2.2723450232145055,0,Easy,12,92,78,22,Medium
9407,35,Female,Asia,Sports,14.337639061189034,1,Easy,14,45,61,22,Medium
9408,24,Male,Europe,Strategy,15.705880171641446,1,Hard,18,169,23,49,High
9409,23,Male,USA,Strategy,17.286217386786095,0,Medium,19,148,20,36,High
9410,38,Male,Europe,Action,13.996538698002006,0,Easy,1,176,99,16,Low
9411,49,Female,USA,Sports,4.471620048422493,0,Hard,18,48,51,13,Medium
9412,49,Female,Asia,RPG,14.635392599827577,0,Easy,15,139,51,26,High
9413,32,Female,USA,Sports,17.270242907564633,0,Easy,6,168,38,26,Medium
9414,46,Male,Other,Strategy,20.41388276435613,0,Medium,14,165,72,48,High
9415,38,Male,Europe,Strategy,17.85888209280073,1,Easy,8,108,92,1,Medium
9416,37,Male,Asia,Simulation,1.7362166830038124,1,Hard,11,27,40,47,Medium
9417,46,Female,Asia,Strategy,13.957511664446374,0,Medium,2,52,87,31,Low
9418,26,Female,USA,Sports,16.489963776828816,0,Medium,14,24,23,34,High
9419,27,Female,Asia,Simulation,23.327275045126935,0,Easy,17,170,98,20,High
9420,37,Female,USA,Simulation,3.145521806422411,0,Hard,18,177,25,5,High
9421,39,Male,USA,Simulation,6.809880683570563,0,Medium,4,20,84,27,Low
9422,49,Male,Europe,Action,19.345724988721074,0,Easy,2,73,79,8,Low
9423,44,Female,Other,RPG,14.281163621156566,0,Medium,4,93,98,35,Medium
9424,31,Male,USA,Action,7.459946172750664,0,Easy,14,167,94,47,High
9425,34,Male,Other,RPG,16.43159787977036,0,Medium,9,162,8,0,High
9426,39,Female,Europe,RPG,6.85949354291406,0,Medium,18,20,33,22,Medium
9427,36,Male,Asia,Sports,4.384507019586888,0,Hard,13,139,86,9,High
9428,27,Male,Europe,RPG,2.496827497426061,0,Medium,5,157,21,35,Medium
9429,33,Male,USA,Sports,14.17690100846281,0,Easy,0,68,30,14,Low
9430,26,Female,Asia,Simulation,6.53231999995908,0,Medium,8,24,52,38,Low
9431,33,Male,USA,Sports,15.728589778570791,0,Medium,12,44,51,16,Medium
9432,26,Female,Europe,Strategy,17.483499750536197,1,Medium,6,118,53,8,Medium
9433,23,Male,Asia,Action,19.72963491524392,0,Easy,12,68,38,41,Medium
9434,21,Female,Asia,Sports,11.381307746274238,0,Easy,4,116,72,2,Medium
9435,42,Male,Europe,RPG,4.069734218555131,0,Easy,13,77,38,3,Medium
9436,28,Female,USA,Sports,4.312763549461593,0,Easy,0,103,79,41,Low
9437,45,Male,Europe,Sports,8.46101757670953,0,Easy,13,119,54,36,High
9438,33,Female,Europe,Simulation,16.077229844979442,0,Easy,16,60,5,37,Medium
9439,30,Female,Asia,Action,21.73393845527775,0,Easy,4,103,35,12,Medium
9440,19,Male,USA,Simulation,22.515282318938315,0,Hard,19,92,45,46,High
9441,49,Male,Europe,Action,5.923959632981009,1,Medium,4,58,81,9,Low
9442,26,Male,USA,Action,3.5853076506882697,0,Hard,13,115,61,31,High
9443,39,Female,Europe,RPG,20.573639703216003,0,Medium,11,136,92,0,High
9444,35,Male,USA,Simulation,16.542745853630677,0,Hard,10,74,49,5,Medium
9445,37,Male,USA,Sports,10.01183336498722,0,Medium,0,83,92,20,Low
9446,30,Female,Asia,Strategy,2.7117456642164646,1,Easy,15,37,94,9,Medium
9447,28,Female,Europe,Strategy,9.042405256726049,0,Medium,14,139,43,30,High
9448,45,Male,Europe,RPG,0.24541771251964928,0,Easy,13,41,1,37,Medium
9449,19,Male,Asia,RPG,21.154833373758006,0,Medium,5,106,28,47,Low
9450,49,Male,USA,RPG,18.300573949782375,0,Easy,4,50,43,13,Low
9451,37,Male,USA,RPG,12.635571730820779,0,Hard,9,154,39,8,Medium
9452,43,Male,USA,Simulation,12.951292259950169,0,Easy,12,45,50,35,Medium
9453,25,Female,Europe,Action,3.280334941351591,1,Medium,13,54,96,45,Medium
9454,32,Male,Europe,Sports,21.826607846312182,0,Easy,10,10,28,45,Low
9455,26,Male,Europe,Sports,5.840239040582876,0,Medium,14,62,32,24,Medium
9456,23,Male,Europe,Simulation,2.606350780842366,0,Hard,11,131,35,28,High
9457,24,Female,Europe,Sports,19.47356511490324,0,Easy,17,52,47,5,Medium
9458,31,Male,Asia,Strategy,15.93380067227583,0,Easy,3,175,6,17,Medium
9459,21,Female,Europe,Sports,3.5797673622987025,0,Medium,17,49,20,22,Medium
9460,27,Male,Asia,Action,0.11375262438489653,0,Hard,12,116,90,13,High
9461,23,Male,USA,Sports,18.672183467435215,0,Easy,5,178,38,15,Medium
9462,41,Female,USA,Action,21.118606685879453,0,Medium,11,144,92,45,High
9463,16,Male,Europe,RPG,15.712134891899007,1,Hard,9,107,11,40,Medium
9464,19,Female,USA,Simulation,20.367755224243265,0,Easy,5,156,98,37,High
9465,43,Female,Europe,Strategy,16.015709473348025,0,Easy,17,158,36,27,High
9466,33,Male,Europe,Sports,23.573440217351706,0,Medium,2,149,51,45,Medium
9467,22,Female,USA,Strategy,23.439282710370414,0,Easy,10,89,72,31,Medium
9468,15,Female,USA,Sports,20.40984759783842,0,Hard,8,97,7,21,Medium
9469,36,Female,Europe,RPG,15.63312013373693,0,Easy,16,160,63,44,High
9470,31,Male,Asia,Action,1.8860179080715591,0,Medium,6,131,92,0,Medium
9471,21,Male,Europe,Simulation,19.177343750568546,0,Medium,16,91,20,31,High
9472,39,Male,Europe,Simulation,17.281942570838442,0,Medium,4,21,10,0,Low
9473,18,Female,USA,Strategy,20.292492394197076,0,Hard,12,174,31,43,High
9474,20,Male,Europe,Action,22.91669598281624,0,Easy,12,33,26,45,Medium
9475,45,Male,Europe,Simulation,23.8649459863722,0,Medium,11,96,58,45,Medium
9476,33,Male,USA,Strategy,2.445358818795123,0,Medium,0,160,16,37,Low
9477,41,Female,USA,Action,0.20119186220769514,0,Medium,15,156,98,30,High
9478,24,Male,USA,RPG,17.42845575663013,0,Easy,12,56,43,22,Medium
9479,40,Male,USA,RPG,21.211081319836282,1,Easy,17,130,79,31,High
9480,33,Female,USA,Strategy,13.684077351938503,0,Easy,4,68,88,8,Low
9481,17,Male,Asia,RPG,1.4383261676807377,0,Medium,1,58,47,37,Low
9482,27,Male,Europe,Sports,19.184418422421224,0,Hard,19,88,23,13,High
9483,42,Male,USA,Sports,4.47221124532009,0,Easy,7,57,1,8,Medium
9484,34,Male,Europe,Action,11.576827161506733,0,Easy,5,133,63,21,High
9485,42,Male,Asia,RPG,8.905488357207435,1,Easy,4,45,48,31,Low
9486,22,Male,Asia,Simulation,11.854172939086347,0,Medium,1,35,54,18,Low
9487,15,Male,Europe,Strategy,3.7259907364143414,0,Easy,12,54,51,30,Medium
9488,17,Female,USA,Simulation,16.14896587951924,0,Easy,5,50,1,25,Medium
9489,27,Male,USA,Sports,9.806952389534263,0,Medium,17,78,21,2,Medium
9490,42,Male,USA,RPG,9.215487079900841,0,Medium,0,44,74,46,Low
9491,39,Male,Europe,Simulation,4.2540654357984335,0,Hard,8,122,94,31,Medium
9492,47,Male,USA,Strategy,14.887885303013693,0,Easy,11,172,8,21,High
9493,20,Female,Europe,Action,15.837972063038876,0,Easy,15,98,74,13,High
9494,46,Male,Asia,Action,1.9314714825835875,0,Medium,9,107,80,47,Medium
9495,35,Male,Asia,Strategy,19.760776239028758,0,Hard,7,161,86,0,Medium
9496,30,Female,Asia,Sports,21.285169198790925,0,Easy,4,142,96,21,Medium
9497,35,Female,USA,Strategy,23.741391003985676,0,Medium,3,28,55,31,Low
9498,25,Female,Other,Strategy,8.288423820413197,0,Hard,3,29,36,29,Low
9499,49,Female,Europe,RPG,14.56882246016392,0,Medium,11,62,73,8,Medium
9500,33,Male,Europe,Simulation,2.908224143096355,0,Easy,7,112,62,2,Medium
9501,34,Female,USA,Strategy,10.07748329231853,0,Easy,15,114,68,42,High
9502,32,Female,Other,Strategy,20.608832215925595,0,Easy,15,18,32,4,Low
9503,28,Male,USA,Action,17.314665170810258,0,Medium,14,81,70,0,Medium
9504,29,Female,USA,Simulation,12.359855555686451,0,Easy,12,158,24,39,Medium
9505,45,Male,USA,Action,20.14428380525849,0,Hard,18,116,22,13,High
9506,15,Female,Europe,Sports,19.93279042574814,0,Medium,10,128,91,46,High
9507,17,Male,Europe,Action,21.8057832978956,1,Easy,19,79,36,45,High
9508,30,Male,Other,Sports,4.822347683490533,0,Hard,4,163,67,13,Medium
9509,37,Male,USA,Sports,5.495318155177109,0,Hard,5,95,12,1,Medium
9510,25,Male,USA,Simulation,23.422328938471708,0,Easy,13,23,17,47,Medium
9511,26,Male,Europe,Sports,12.16373347573619,0,Medium,18,20,23,4,Medium
9512,24,Male,USA,Strategy,15.566843139980712,0,Medium,4,115,45,26,Low
9513,46,Female,Europe,Strategy,21.749593758736722,1,Hard,7,96,57,8,Medium
9514,30,Female,USA,Action,13.04516667411215,0,Hard,10,116,51,6,Medium
9515,22,Male,Europe,Action,3.584719640473388,1,Medium,15,73,47,18,Medium
9516,26,Female,Asia,Simulation,9.234412801872864,0,Hard,7,126,3,43,Medium
9517,38,Male,USA,Sports,12.409929372305303,0,Medium,15,67,52,42,Medium
9518,42,Female,USA,Strategy,11.405518774788145,0,Easy,13,117,44,31,Medium
9519,22,Male,USA,Action,23.864329190359154,0,Easy,0,34,39,3,Low
9520,42,Female,Europe,RPG,5.558359804768916,0,Easy,9,75,56,46,Medium
9521,40,Female,Europe,Simulation,18.295548793209807,0,Medium,1,123,87,23,Low
9522,22,Male,Asia,Sports,0.7555389814829523,0,Medium,9,25,35,27,Low
9523,42,Male,Other,Simulation,8.76961818839586,0,Hard,13,103,48,47,High
9524,42,Female,Other,Sports,2.337205928498152,0,Medium,15,29,26,5,Medium
9525,41,Female,USA,Sports,13.622081961184149,0,Easy,4,150,36,42,Medium
9526,31,Male,Europe,Simulation,6.843350915161485,0,Medium,11,100,91,6,Medium
9527,23,Male,Asia,Action,14.961228339715284,0,Medium,19,159,8,39,High
9528,47,Female,Europe,Action,14.110237188843653,0,Hard,16,83,67,15,Medium
9529,34,Female,Asia,Sports,12.359358357153965,0,Medium,9,85,86,40,Medium
9530,27,Male,Europe,Strategy,20.281885400525198,1,Easy,6,87,25,14,Medium
9531,42,Female,Europe,Sports,10.565529683279946,0,Medium,11,121,27,11,Medium
9532,43,Male,USA,RPG,18.08202110968525,1,Hard,2,177,80,20,Medium
9533,27,Female,USA,Action,10.250735723064434,1,Medium,0,18,9,1,High
9534,49,Female,Europe,Simulation,22.980465512973296,1,Medium,2,138,11,13,Low
9535,20,Male,Europe,Sports,3.839630266418263,0,Medium,16,35,42,47,Medium
9536,32,Male,Europe,Action,17.62913493562263,0,Easy,8,147,7,11,Medium
9537,19,Female,USA,Action,1.5529042016570358,1,Medium,0,75,77,35,Low
9538,39,Male,Asia,Sports,3.825193114576824,0,Hard,18,161,83,36,High
9539,16,Female,Other,Sports,12.710080762198134,0,Medium,14,77,95,29,Low
9540,24,Female,Europe,Action,10.878889159256822,0,Easy,17,86,92,45,Medium
9541,44,Male,USA,RPG,23.039259029204498,0,Hard,18,96,36,34,Medium
9542,19,Female,USA,Simulation,0.02479886813905896,0,Medium,10,178,23,7,High
9543,47,Male,Europe,Sports,14.32990368125079,0,Easy,7,166,28,4,Low
9544,15,Female,Other,Sports,7.627212990131663,0,Hard,16,71,3,2,Medium
9545,32,Female,Europe,Strategy,11.643100313840165,0,Hard,19,121,32,26,High
9546,46,Female,Asia,Sports,13.331553039596233,0,Easy,10,160,75,40,High
9547,25,Male,Europe,RPG,12.968775610005157,0,Easy,17,81,37,24,Medium
9548,35,Male,Europe,RPG,23.028692169507448,0,Hard,14,45,88,42,Medium
9549,40,Male,Europe,Sports,23.683546026585166,0,Easy,9,36,78,35,Medium
9550,39,Male,Europe,Simulation,12.11606921354355,0,Hard,3,179,53,13,Medium
9551,36,Male,Asia,Simulation,9.652294415671388,0,Easy,11,119,38,25,Medium
9552,41,Female,USA,Sports,17.34343827340371,0,Easy,17,88,12,26,High
9553,27,Male,Other,Sports,12.44832814708871,0,Easy,19,171,29,38,High
9554,47,Male,Asia,RPG,17.658160235568765,0,Medium,12,73,25,9,Medium
9555,48,Male,Asia,Strategy,9.198184521466844,0,Hard,17,106,63,7,High
9556,49,Male,Asia,Sports,11.17771554025585,0,Medium,17,21,3,10,Medium
9557,15,Female,Europe,Simulation,1.9504629124973087,1,Hard,17,109,83,6,High
9558,35,Male,Asia,Sports,15.762890841561232,0,Hard,7,161,85,44,Low
9559,20,Male,Other,Action,19.68275875784983,0,Easy,1,18,40,46,Low
9560,42,Male,Asia,RPG,4.266655377126442,0,Easy,10,165,15,32,High
9561,31,Male,USA,RPG,22.83365153739087,0,Easy,1,104,14,42,Low
9562,19,Male,Asia,Strategy,23.574837155494073,0,Medium,7,97,11,17,Medium
9563,45,Female,Europe,Simulation,13.82705640576281,1,Medium,12,55,3,23,Medium
9564,19,Female,Europe,Sports,1.8861906528781596,0,Easy,15,40,1,40,Medium
9565,17,Male,Other,Strategy,19.09104760879969,0,Medium,7,153,50,16,Medium
9566,37,Male,USA,Simulation,11.206100346175832,0,Hard,1,85,70,1,Low
9567,24,Female,USA,RPG,20.76773534577626,0,Hard,19,103,72,40,High
9568,24,Male,USA,Action,19.438355461597077,1,Medium,5,136,85,1,Medium
9569,33,Male,USA,Sports,14.05731329449495,1,Medium,12,76,66,47,Medium
9570,31,Male,USA,Simulation,0.8379319678534207,0,Easy,3,39,75,17,Low
9571,35,Female,Europe,Simulation,14.212169403993986,1,Easy,12,178,41,20,High
9572,28,Female,Other,Sports,18.290740730178058,0,Easy,3,156,2,0,Medium
9573,23,Male,Asia,RPG,15.717054546913637,0,Easy,12,64,74,24,Medium
9574,15,Male,USA,Strategy,15.706041012253994,0,Easy,16,69,5,43,Medium
9575,27,Female,Europe,Sports,18.395889337811564,0,Medium,7,164,97,23,Medium
9576,18,Female,Asia,Simulation,12.702997119006707,0,Easy,4,61,53,41,Medium
9577,15,Female,Europe,RPG,18.364755247527945,0,Hard,6,150,77,7,Medium
9578,46,Female,Other,Sports,5.326358296466027,1,Medium,1,165,69,48,Medium
9579,48,Female,Other,Strategy,9.767022370122607,1,Hard,3,138,22,4,High
9580,42,Male,USA,RPG,15.813097884731324,0,Medium,2,121,69,22,Low
9581,45,Male,Asia,Action,3.9389773703937223,0,Hard,7,155,99,47,Medium
9582,22,Male,Europe,Action,18.394317228743148,1,Medium,4,73,93,5,Low
9583,40,Male,Europe,Strategy,14.058558740342647,0,Easy,0,34,24,19,Low
9584,48,Female,Asia,Sports,17.548989356494914,1,Easy,18,16,22,42,Low
9585,17,Female,Asia,RPG,20.660751189059155,0,Medium,15,50,98,6,Medium
9586,26,Female,Europe,Simulation,23.226696478225115,0,Medium,16,24,83,18,Medium
9587,15,Female,Asia,Strategy,6.946887764131876,1,Easy,8,139,3,3,Medium
9588,19,Male,Other,Simulation,19.061048183673286,0,Easy,10,168,59,27,High
9589,44,Female,Asia,Action,8.648803590075609,0,Easy,5,94,94,6,Medium
9590,44,Male,USA,Sports,11.64847991961302,0,Hard,4,70,54,26,Medium
9591,31,Female,Asia,Strategy,14.678441853679784,0,Medium,14,63,92,17,Medium
9592,37,Male,Asia,Simulation,5.6904644018889305,0,Medium,6,32,22,49,Low
9593,29,Male,Other,Action,5.097151510258829,1,Medium,12,12,14,19,Low
9594,35,Male,Asia,Strategy,14.206652137963893,1,Easy,10,61,71,33,Medium
9595,28,Male,Asia,Simulation,16.794897132170576,0,Easy,6,75,92,48,Medium
9596,16,Male,USA,Sports,22.927565108261575,1,Hard,10,83,18,6,Medium
9597,25,Male,Other,Strategy,13.627613634005487,0,Easy,17,91,52,39,High
9598,48,Male,USA,Action,14.198890071378067,0,Easy,9,162,75,7,High
9599,48,Female,Asia,Strategy,9.944601166140664,0,Medium,16,114,66,42,High
9600,32,Female,Other,Strategy,18.81687091579966,0,Hard,16,68,32,19,Medium
9601,44,Female,USA,Sports,17.655062958873252,1,Easy,12,41,23,30,Medium
9602,29,Female,Other,Strategy,4.5686733971258136,0,Medium,11,25,84,18,Medium
9603,41,Male,Asia,Action,9.226494028574436,0,Easy,16,31,86,47,Medium
9604,48,Female,Other,Strategy,3.247021641309998,0,Easy,10,140,46,12,Medium
9605,47,Male,USA,RPG,2.6201559143974027,1,Easy,6,174,16,44,Low
9606,38,Male,Asia,Simulation,22.359144210492893,0,Hard,8,164,15,6,Medium
9607,29,Female,Europe,Simulation,15.950668863259331,0,Hard,4,113,60,24,Medium
9608,44,Male,USA,RPG,21.49074235791448,0,Medium,6,81,27,6,Low
9609,31,Male,Asia,Strategy,13.765050419260286,0,Easy,0,159,66,25,Low
9610,19,Female,Europe,Sports,6.173292727431181,0,Medium,6,54,14,46,Medium
9611,43,Female,Asia,RPG,6.254232796829711,0,Easy,1,85,77,28,Low
9612,18,Female,Asia,RPG,5.844972536220245,0,Medium,5,67,1,41,High
9613,24,Male,USA,Simulation,7.576171599419194,0,Easy,17,84,16,31,High
9614,31,Female,USA,Simulation,4.919336042516353,1,Easy,8,114,93,15,Medium
9615,24,Female,USA,Simulation,3.372219107989631,0,Easy,17,176,68,14,High
9616,31,Female,USA,Strategy,21.58161856368448,0,Easy,8,111,9,1,Medium
9617,34,Female,Europe,Simulation,13.779259523049419,0,Easy,5,171,75,12,Medium
9618,38,Male,Asia,RPG,5.269585001784355,0,Easy,19,158,72,37,High
9619,19,Male,Europe,Action,13.738267429493813,1,Easy,9,97,91,42,Medium
9620,48,Female,Asia,Sports,5.927317253492667,0,Hard,6,154,27,38,Medium
9621,20,Female,USA,Strategy,16.39426082144055,1,Medium,15,95,73,41,High
9622,16,Male,Europe,Strategy,21.255131406958807,0,Hard,0,132,33,12,Low
9623,27,Female,Europe,Simulation,3.933242681331241,0,Medium,15,77,29,19,Medium
9624,25,Male,Asia,Strategy,13.230643833696764,1,Medium,3,135,78,42,High
9625,37,Male,Europe,Action,8.865600767186226,0,Medium,19,119,40,44,Medium
9626,30,Male,USA,RPG,19.806705136018422,1,Easy,19,65,83,43,High
9627,45,Male,USA,RPG,1.1575364381521274,0,Easy,10,75,75,32,Medium
9628,25,Male,USA,Strategy,16.692476517296463,0,Hard,13,34,56,12,Medium
9629,30,Female,Other,Simulation,15.47951170858791,0,Medium,17,176,74,41,High
9630,22,Male,USA,Strategy,18.723734542391334,0,Easy,5,84,48,48,Medium
9631,18,Male,Asia,Strategy,13.237934773946495,0,Medium,7,63,40,5,Medium
9632,18,Female,USA,Sports,10.681894545886248,0,Hard,17,124,92,14,High
9633,39,Male,USA,Sports,6.1050841447083375,0,Medium,5,126,94,6,Medium
9634,17,Female,Europe,RPG,21.083948057086854,0,Easy,9,43,72,42,Medium
9635,46,Female,Europe,Simulation,21.44756859762446,0,Medium,16,81,62,21,Medium
9636,17,Male,Asia,RPG,11.941515160518891,0,Medium,0,129,57,27,Low
9637,41,Female,Asia,Strategy,21.754663541144097,0,Hard,10,69,59,39,Medium
9638,43,Female,Asia,RPG,0.9670297802221137,0,Hard,17,32,70,13,Medium
9639,46,Female,Asia,Sports,20.22229495234123,0,Hard,16,67,2,36,Medium
9640,33,Male,Asia,Action,19.337044695735038,0,Hard,5,125,18,26,High
9641,35,Male,Asia,Action,19.703505226446342,0,Easy,8,58,71,1,Medium
9642,19,Male,Europe,Strategy,15.508513615794918,0,Easy,15,158,28,11,High
9643,32,Female,USA,Strategy,13.621430844656835,0,Easy,10,158,53,19,High
9644,42,Female,Asia,Strategy,20.000405621794478,1,Medium,0,143,15,23,Low
9645,36,Female,USA,RPG,18.448194707742708,1,Easy,0,107,87,41,Low
9646,35,Male,USA,RPG,22.48867756268967,0,Easy,0,131,22,2,Low
9647,20,Male,USA,Sports,19.69705759188647,0,Hard,16,177,83,22,Medium
9648,15,Male,Europe,RPG,7.949904935973686,0,Easy,3,145,76,43,Medium
9649,19,Male,USA,Sports,3.630879230249569,0,Easy,10,118,75,25,Low
9650,26,Female,USA,Action,3.8154738249388123,0,Easy,18,93,55,49,High
9651,40,Male,Asia,RPG,20.568547541880502,0,Medium,6,50,3,14,Low
9652,48,Male,Asia,Sports,17.70157453478069,0,Hard,8,38,52,48,Medium
9653,28,Female,USA,Strategy,23.655412555332177,0,Easy,6,120,29,26,Medium
9654,40,Male,Asia,Action,21.46233905996183,1,Easy,2,107,64,11,Low
9655,41,Female,USA,Sports,22.209379179039303,0,Easy,15,114,9,8,High
9656,23,Male,Other,Sports,16.37329017791563,0,Hard,11,173,85,33,High
9657,40,Female,Europe,Sports,6.9432322759819565,0,Easy,2,170,89,33,Medium
9658,36,Male,USA,Action,11.513220129057805,0,Easy,15,100,13,24,High
9659,44,Male,Other,Simulation,0.7603799588259186,0,Medium,17,94,62,49,High
9660,31,Female,USA,RPG,15.390400920114406,0,Medium,4,52,82,42,Medium
9661,40,Female,USA,Action,5.591703833292068,0,Medium,15,47,63,19,Medium
9662,15,Male,USA,Strategy,22.169603357186404,0,Medium,15,43,57,36,High
9663,22,Female,Europe,Action,8.250009239417242,0,Medium,15,95,25,14,High
9664,49,Female,Asia,Strategy,11.572138452271567,1,Easy,10,77,59,24,Medium
9665,29,Male,Asia,Action,10.459501739402533,0,Easy,18,109,6,42,High
9666,36,Female,Europe,Strategy,11.314075671933043,0,Easy,19,95,18,20,High
9667,28,Male,Other,Sports,21.90168171821398,1,Medium,13,149,6,23,High
9668,40,Male,Asia,Simulation,12.534190977650354,0,Medium,19,55,67,23,Medium
9669,42,Male,Europe,RPG,15.679730866462073,0,Hard,2,117,22,38,Low
9670,37,Male,USA,Simulation,17.408593540072168,0,Easy,17,58,2,37,Medium
9671,28,Male,Europe,Action,18.88756691422668,0,Easy,16,13,24,19,Low
9672,38,Male,USA,RPG,3.5654930647683294,0,Hard,18,143,42,36,High
9673,16,Male,USA,Simulation,1.1423514769887584,0,Easy,15,99,52,44,Medium
9674,40,Female,Europe,RPG,8.048988860442137,0,Medium,16,101,5,27,High
9675,28,Female,USA,Sports,2.3042781297519994,0,Hard,3,175,18,18,Medium
9676,21,Male,USA,Simulation,17.58049265279468,0,Hard,4,174,72,2,Medium
9677,17,Male,Europe,RPG,20.53825451373758,0,Hard,10,83,95,24,Medium
9678,37,Female,USA,RPG,14.184379977015222,0,Easy,12,169,58,33,High
9679,32,Male,Europe,RPG,8.213238621992058,0,Medium,11,140,66,20,High
9680,49,Male,Other,RPG,7.232647983602797,0,Easy,2,127,69,8,Low
9681,29,Male,USA,Strategy,12.383624349019978,0,Easy,17,83,95,41,High
9682,39,Female,USA,Strategy,21.01215160473999,0,Easy,11,67,23,46,Medium
9683,42,Male,Other,Strategy,3.7223061517339966,0,Hard,9,71,13,0,High
9684,24,Male,Asia,Sports,19.1443882046353,1,Easy,0,36,77,9,Low
9685,31,Female,USA,Sports,5.414176880990205,0,Hard,18,159,86,25,High
9686,36,Male,USA,Simulation,5.291148738595021,0,Medium,8,127,34,49,Medium
9687,40,Male,Asia,Strategy,4.467688040669582,0,Easy,1,68,74,10,Medium
9688,39,Female,Europe,Simulation,3.6158267165880353,1,Easy,13,43,75,30,Medium
9689,31,Male,USA,RPG,1.87678280689856,0,Easy,7,168,97,49,High
9690,27,Female,USA,Action,21.33415731632932,0,Hard,9,11,90,46,Medium
9691,34,Male,Europe,RPG,2.603337410892636,1,Easy,18,105,10,20,High
9692,39,Male,Europe,Simulation,5.668288221401342,0,Hard,18,175,47,42,High
9693,18,Male,USA,Action,18.791821907613162,1,Easy,9,114,54,23,Medium
9694,24,Female,Other,Sports,2.0709952586365805,0,Easy,7,162,23,11,Medium
9695,17,Male,USA,Action,4.540498697376065,0,Medium,0,161,37,40,Low
9696,32,Male,USA,RPG,5.515535347065242,0,Easy,7,154,46,3,Medium
9697,36,Female,USA,Simulation,15.604605895469067,0,Medium,8,145,85,20,High
9698,48,Female,Asia,Strategy,18.048749780966375,0,Easy,1,136,81,34,Low
9699,22,Male,Other,RPG,16.263098384846167,0,Hard,1,136,39,1,Medium
9700,33,Male,USA,Simulation,12.228483224644268,0,Hard,14,29,82,12,Medium
9701,20,Male,USA,RPG,23.91009184030053,0,Easy,10,74,11,9,Low
9702,40,Male,Asia,Action,16.859566374108738,0,Medium,9,129,98,27,Medium
9703,48,Female,Europe,Sports,6.598004722908521,0,Medium,16,111,6,28,High
9704,20,Female,USA,Action,20.589472112529094,0,Easy,5,131,11,36,Medium
9705,47,Male,Other,Strategy,12.929655864485145,0,Medium,4,50,95,4,Low
9706,36,Male,Europe,Simulation,19.874095955573914,0,Medium,8,120,58,22,Medium
9707,35,Female,USA,Action,0.16467783023587135,1,Easy,12,78,35,48,Medium
9708,20,Female,Europe,Simulation,18.240271674553842,0,Easy,2,169,92,29,Medium
9709,20,Male,Europe,RPG,14.473854802113145,0,Medium,14,25,80,35,Medium
9710,18,Male,Europe,Action,17.79551234505565,0,Hard,3,25,58,14,Low
9711,44,Male,Europe,Action,17.283950781152992,0,Hard,11,159,58,19,High
9712,25,Female,Europe,Strategy,3.427383126750245,1,Easy,5,118,82,23,Medium
9713,44,Male,USA,Action,19.6179530737463,0,Hard,3,67,23,15,Low
9714,45,Female,USA,Sports,0.5317983477703923,0,Medium,14,147,29,33,Medium
9715,38,Male,Europe,Simulation,10.939299590608226,1,Easy,16,91,43,2,High
9716,23,Female,Asia,RPG,6.125503677395347,0,Hard,11,43,20,25,High
9717,17,Male,Asia,Sports,14.06146598221753,0,Easy,9,24,27,44,Low
9718,45,Male,USA,Sports,17.802291493287825,0,Hard,9,37,55,31,Medium
9719,38,Male,Europe,Action,21.96801427442605,0,Medium,16,99,41,8,High
9720,45,Male,Other,Sports,1.9829126548747062,1,Easy,16,15,52,47,Medium
9721,20,Male,USA,RPG,13.962408503929943,0,Medium,0,12,35,9,Low
9722,16,Female,Asia,Sports,8.522964189558127,0,Easy,2,161,29,8,Low
9723,34,Male,USA,Sports,6.08813102264943,1,Easy,16,68,40,11,Medium
9724,42,Male,Asia,Action,1.9682058461683578,0,Hard,4,81,13,37,Medium
9725,25,Male,Europe,Simulation,5.476402827779431,0,Hard,19,160,34,29,High
9726,18,Male,Asia,Simulation,11.090908665325097,1,Medium,0,10,52,35,Low
9727,29,Male,Other,Strategy,0.1332903631148028,1,Medium,0,70,11,16,Low
9728,20,Male,Other,Simulation,14.066362689714602,1,Easy,1,12,21,38,Low
9729,44,Male,USA,Sports,2.505890057492927,0,Medium,8,157,39,47,Medium
9730,16,Male,USA,Strategy,13.80508373880993,0,Easy,12,99,56,47,Medium
9731,29,Male,Europe,Strategy,9.055233910302622,0,Easy,7,132,9,12,Medium
9732,25,Male,USA,Action,18.580153311789825,0,Easy,18,111,67,39,High
9733,22,Male,USA,Strategy,10.524194377288609,1,Medium,4,74,39,47,Medium
9734,40,Female,Other,Action,22.637952114880743,0,Medium,5,157,5,13,Medium
9735,19,Male,Europe,RPG,7.82549272404655,1,Easy,1,22,8,31,Low
9736,20,Male,Other,Strategy,13.032909209219474,0,Easy,7,105,27,31,Medium
9737,40,Female,USA,Action,17.56904398844094,0,Medium,3,140,88,20,Medium
9738,18,Male,USA,RPG,5.2479319339905315,0,Easy,0,122,80,6,Medium
9739,33,Male,Europe,RPG,0.3963048185934053,0,Medium,16,53,32,48,High
9740,34,Male,Asia,Action,18.844121318633814,0,Medium,8,81,94,49,Medium
9741,47,Female,USA,Strategy,7.036818593761142,0,Easy,8,16,82,16,Medium
9742,34,Female,Europe,RPG,3.8317147413979233,0,Easy,12,131,25,49,High
9743,26,Female,Asia,Simulation,14.22204859602174,0,Easy,8,148,43,37,Medium
9744,15,Female,Asia,Simulation,8.952150802051545,0,Easy,1,135,35,31,High
9745,40,Female,USA,Strategy,6.372347377259335,0,Hard,11,154,62,46,High
9746,28,Female,USA,RPG,16.967966048829055,0,Easy,6,25,26,21,Low
9747,25,Male,USA,Action,23.22716353235574,0,Easy,17,77,93,19,Medium
9748,27,Male,Asia,Strategy,12.645194380063154,0,Medium,10,33,70,7,Medium
9749,17,Female,Other,Simulation,18.632165521176304,0,Easy,0,47,18,49,Low
9750,47,Female,USA,RPG,20.199904658160605,0,Easy,1,124,22,16,Low
9751,20,Male,Europe,Simulation,11.617422861087187,1,Medium,10,126,54,14,Medium
9752,24,Male,Other,Sports,12.145527298547428,0,Medium,7,130,71,40,Medium
9753,19,Female,USA,Sports,17.234410652543993,0,Easy,3,120,38,11,Medium
9754,37,Male,Europe,Action,22.203544025336875,0,Easy,7,164,85,40,Medium
9755,24,Male,USA,Action,19.5986879738969,0,Easy,13,127,61,20,High
9756,16,Female,Other,Action,18.77255494604806,0,Easy,3,124,95,12,Medium
9757,27,Male,USA,RPG,18.613877842019892,0,Easy,13,22,67,45,Medium
9758,16,Male,Europe,Action,11.28535707922808,0,Hard,6,56,58,33,Medium
9759,34,Female,USA,Simulation,20.656131975717575,0,Medium,17,158,53,34,High
9760,15,Male,USA,Strategy,8.593352839849267,0,Hard,0,161,11,3,Low
9761,23,Female,Other,Sports,14.587878627488548,0,Easy,18,177,34,0,High
9762,31,Female,Europe,Action,3.2907419055066773,0,Medium,10,101,65,31,Medium
9763,23,Female,Asia,Action,15.60117974974754,0,Medium,3,172,72,47,Medium
9764,25,Female,Europe,Strategy,18.001090001271933,0,Hard,19,113,84,16,High
9765,29,Male,USA,Strategy,9.858498658585454,0,Easy,19,167,81,24,High
9766,38,Male,USA,Action,12.300731925883088,0,Medium,13,49,42,17,Low
9767,49,Female,Europe,Strategy,0.3866887474669447,0,Easy,15,34,42,10,Medium
9768,44,Male,Asia,Action,21.702386365241416,0,Hard,12,23,98,8,Low
9769,45,Male,Europe,Sports,19.546222559678554,0,Hard,2,175,74,15,Low
9770,19,Female,Europe,Simulation,17.60879507751595,0,Medium,15,41,18,2,Medium
9771,28,Female,Asia,RPG,1.6293129956755514,0,Easy,8,30,93,25,Medium
9772,25,Female,USA,Strategy,5.24393229333705,0,Hard,10,88,39,20,Medium
9773,23,Female,Asia,Sports,23.73780899702799,0,Easy,16,152,48,8,High
9774,48,Female,Europe,Sports,11.024435219417054,1,Easy,5,20,88,15,Low
9775,26,Female,Europe,Strategy,21.054301534101317,0,Easy,4,83,29,0,Low
9776,49,Male,USA,Sports,16.26902099871836,0,Hard,3,133,82,28,High
9777,49,Male,USA,Action,19.44299761768268,0,Easy,14,131,95,30,High
9778,15,Female,USA,RPG,14.63641268746349,1,Easy,14,67,13,9,Medium
9779,36,Male,Asia,Action,4.584597140110347,0,Easy,18,165,9,10,High
9780,43,Female,USA,Strategy,12.341719395145272,0,Easy,15,55,63,41,Medium
9781,22,Female,USA,Action,20.180620339275556,0,Hard,7,126,17,33,Medium
9782,25,Female,Asia,Strategy,21.84462076345429,0,Hard,3,96,54,1,Low
9783,28,Female,Europe,Strategy,16.960771350051413,0,Easy,6,82,47,43,Medium
9784,44,Female,USA,Sports,16.116062666206787,0,Hard,0,85,10,9,Low
9785,49,Male,USA,Strategy,15.103599879289067,0,Hard,19,18,8,14,Medium
9786,35,Male,Europe,Simulation,13.607351402874947,0,Easy,14,24,47,10,Medium
9787,19,Male,Europe,Simulation,21.361176454057286,1,Easy,10,24,34,9,Low
9788,33,Male,USA,Sports,18.455866722134864,0,Medium,11,76,87,36,Medium
9789,28,Male,Other,Strategy,17.23037792788317,0,Easy,11,153,65,13,High
9790,40,Female,USA,RPG,9.846383510422328,0,Easy,5,95,32,12,Medium
9791,18,Male,Europe,RPG,11.085521684643032,0,Hard,5,49,15,46,Low
9792,39,Male,Asia,RPG,10.450231096252072,0,Easy,14,106,12,2,High
9793,39,Male,Asia,Action,23.963819261708473,1,Hard,17,10,36,18,Low
9794,32,Male,USA,RPG,22.119293938317142,0,Easy,15,73,98,39,Medium
9795,22,Male,Europe,Strategy,2.5509693577957115,0,Easy,5,125,64,47,Medium
9796,28,Male,Europe,Sports,11.307617473221104,0,Easy,13,46,88,47,Medium
9797,46,Female,USA,Sports,6.393502087357184,0,Medium,14,93,77,8,Medium
9798,47,Male,Europe,RPG,7.187139088612242,0,Hard,12,148,1,16,High
9799,37,Male,USA,Action,0.3765797116619476,0,Easy,16,120,70,15,High
9800,29,Male,Asia,Strategy,3.1723595005901073,0,Easy,17,161,87,3,High
9801,47,Female,Asia,Strategy,14.129679953555824,1,Medium,19,143,33,10,High
9802,39,Female,Europe,RPG,15.813398757675527,1,Hard,7,148,46,44,Medium
9803,31,Female,USA,Action,22.905875147492942,0,Hard,7,115,30,42,Medium
9804,47,Female,Asia,Action,19.80758665538351,0,Medium,3,138,37,35,Medium
9805,16,Male,Europe,Strategy,6.018734392996659,0,Easy,15,60,89,22,Medium
9806,28,Male,USA,Action,12.789332059173917,0,Easy,8,42,99,21,Medium
9807,20,Male,USA,RPG,4.711046495772751,1,Hard,3,131,60,8,Medium
9808,20,Female,USA,Sports,11.173795285836452,0,Medium,17,141,28,3,High
9809,17,Male,Asia,Sports,18.42551724100293,0,Hard,14,96,57,34,High
9810,21,Female,Europe,Action,18.24983369740533,1,Easy,3,33,74,6,Low
9811,22,Male,Europe,Sports,18.528482378795744,0,Medium,1,135,11,17,Low
9812,29,Male,Europe,Sports,4.973499959009259,1,Easy,4,39,80,20,Low
9813,43,Male,Asia,RPG,10.1547252261954,0,Hard,19,142,57,27,High
9814,47,Female,Asia,Strategy,16.88913898081961,0,Easy,1,127,66,26,Low
9815,44,Male,Europe,RPG,2.4986038671376933,1,Easy,15,148,51,25,High
9816,41,Female,USA,Action,8.034741991375771,0,Easy,17,55,25,15,Medium
9817,43,Male,Europe,Action,14.591324510283611,0,Hard,5,48,7,46,Low
9818,47,Male,USA,Strategy,12.327853658686347,0,Easy,18,52,93,39,Medium
9819,41,Male,Other,Sports,1.7518856454351308,0,Hard,10,123,90,34,Medium
9820,47,Male,Other,Action,17.18567080592352,0,Hard,2,69,37,20,Low
9821,18,Male,Europe,Strategy,8.996783898127987,0,Hard,7,25,80,27,Low
9822,36,Male,USA,Strategy,22.410046152435697,0,Medium,0,72,99,41,Low
9823,16,Male,USA,RPG,6.601179594729977,0,Easy,16,19,88,24,Low
9824,24,Female,Asia,Strategy,23.53325467269469,0,Easy,1,46,26,33,Low
9825,19,Male,USA,RPG,21.063948418992418,0,Easy,7,169,88,27,Medium
9826,24,Male,Europe,Simulation,17.77775970277766,0,Easy,0,59,80,45,Low
9827,47,Female,USA,Action,5.296249164533358,0,Hard,9,34,98,10,Low
9828,27,Female,Asia,Sports,16.054165628774296,0,Hard,3,15,61,27,Low
9829,45,Male,Asia,Action,3.6949810163055776,0,Medium,5,29,42,1,Low
9830,38,Female,Europe,Action,14.445594315110243,0,Easy,17,166,1,36,High
9831,29,Female,Europe,Sports,16.73859151106582,0,Easy,8,98,91,19,Medium
9832,43,Male,USA,Sports,7.937194941681985,0,Easy,16,55,2,26,Medium
9833,22,Male,Asia,RPG,23.858318185825862,1,Medium,12,61,7,41,High
9834,19,Male,Europe,Sports,2.097569597088069,0,Easy,15,174,68,44,High
9835,43,Male,Asia,RPG,14.431904758529118,0,Easy,6,161,1,8,Medium
9836,18,Female,Other,RPG,17.301360619695515,0,Medium,8,113,4,12,Medium
9837,26,Male,Asia,RPG,3.4513506705702452,0,Medium,5,17,48,8,Low
9838,16,Male,Europe,Strategy,21.595829733858118,0,Easy,14,177,2,16,High
9839,41,Female,Other,Action,13.510626864106758,0,Medium,3,171,61,15,Medium
9840,45,Female,Europe,Action,23.130869669728224,1,Hard,8,85,7,37,Medium
9841,40,Male,USA,Strategy,11.098069321965408,0,Easy,17,134,69,42,High
9842,41,Female,Asia,Sports,22.651150958492995,0,Medium,15,29,70,35,Medium
9843,19,Female,Asia,RPG,13.6522122012306,0,Easy,17,89,15,5,High
9844,34,Female,USA,Strategy,5.273600839057314,1,Easy,2,122,76,12,Low
9845,25,Male,Europe,RPG,10.593193899777472,1,Medium,17,30,72,42,Medium
9846,24,Male,Other,Simulation,10.726021548359975,0,Medium,17,89,22,37,High
9847,20,Male,USA,Action,21.235344794793242,0,Easy,0,166,83,37,Low
9848,22,Male,Europe,Action,12.580117271661464,0,Hard,9,55,16,0,Medium
9849,37,Male,USA,Action,19.52668048670143,0,Easy,11,170,42,7,High
9850,40,Female,Asia,RPG,19.694937246204237,0,Medium,6,145,47,43,Medium
9851,26,Male,Europe,Sports,12.179754895480926,0,Hard,11,93,6,48,Medium
9852,40,Male,Europe,Action,2.3911158670690584,1,Easy,18,80,71,33,High
9853,27,Female,USA,Action,19.33089412262859,0,Easy,16,176,29,0,High
9854,32,Male,Other,RPG,22.55848244014625,0,Easy,16,49,60,42,High
9855,39,Female,Europe,Sports,23.42718561690937,0,Easy,5,38,14,28,Low
9856,47,Female,Asia,Action,6.268357551444497,0,Easy,15,118,18,34,High
9857,26,Female,USA,RPG,3.4421698472306366,0,Easy,0,119,74,29,Low
9858,18,Male,Asia,Action,3.513636000033916,1,Easy,15,133,48,18,High
9859,19,Female,USA,Strategy,16.39385541707218,0,Easy,15,160,85,39,High
9860,22,Female,USA,Strategy,22.61708671517992,0,Easy,13,114,14,12,High
9861,42,Female,USA,Action,1.982562630469273,0,Medium,1,68,55,16,Low
9862,45,Female,USA,RPG,11.093551976570517,0,Hard,10,17,34,34,Low
9863,23,Male,Europe,RPG,17.160370120510546,1,Easy,16,178,63,37,High
9864,43,Male,Europe,RPG,19.41524173853116,0,Medium,14,149,45,17,High
9865,28,Female,USA,Sports,10.966287786428282,0,Easy,11,16,24,36,Medium
9866,36,Female,Europe,Simulation,0.11161284232863355,0,Medium,4,172,7,32,Medium
9867,25,Female,USA,RPG,3.150423047643377,0,Hard,9,44,55,35,Medium
9868,37,Male,Asia,RPG,1.925667398895074,0,Easy,12,58,69,3,Medium
9869,15,Male,Europe,Action,12.781835445434243,0,Easy,14,177,45,32,High
9870,35,Male,Other,RPG,17.21309735625989,0,Medium,0,82,72,31,Low
9871,40,Female,USA,Simulation,17.869055962687412,1,Easy,14,19,76,24,Medium
9872,37,Female,USA,Action,7.8875705091426385,0,Hard,14,126,54,13,High
9873,15,Male,USA,RPG,5.385884658536077,0,Easy,14,97,46,25,Medium
9874,29,Female,USA,Simulation,11.70457127142351,1,Easy,16,169,89,44,High
9875,35,Male,Asia,Action,11.92096068050293,0,Easy,18,55,97,47,Medium
9876,23,Male,USA,Sports,20.904548040051786,0,Medium,3,136,27,5,Medium
9877,23,Male,USA,Sports,20.594845806658967,0,Easy,2,137,35,25,Low
9878,24,Female,USA,Action,3.998969716208846,0,Easy,7,63,21,11,Low
9879,40,Female,Other,Simulation,1.6684728322376996,0,Easy,8,65,81,9,Medium
9880,49,Male,Asia,Simulation,10.67354516552863,0,Easy,14,94,95,2,Medium
9881,39,Male,USA,Strategy,13.989900856154708,0,Medium,0,132,80,14,Low
9882,40,Female,Europe,Strategy,22.458230211666223,0,Medium,14,38,69,29,Medium
9883,25,Male,Europe,RPG,21.164578245119657,1,Easy,13,173,92,7,High
9884,16,Female,USA,Strategy,19.495021532717768,0,Easy,0,14,74,31,Low
9885,21,Female,Europe,Action,22.77844088316484,0,Hard,13,23,94,17,Medium
9886,32,Male,USA,Simulation,16.880676689218895,0,Easy,5,111,2,27,Medium
9887,41,Male,Europe,Simulation,3.8384630173713115,0,Easy,15,17,70,12,High
9888,48,Male,USA,Action,21.29516949453411,0,Easy,12,145,70,8,High
9889,41,Male,Europe,Sports,16.79969847269012,0,Easy,19,71,27,23,Medium
9890,31,Female,USA,Strategy,18.442780458843686,0,Easy,19,103,61,42,Medium
9891,38,Male,Europe,Action,13.213191122842794,1,Hard,17,134,46,34,High
9892,39,Female,Asia,RPG,19.63027517556057,0,Medium,16,62,1,0,Medium
9893,21,Male,Europe,Sports,2.382689378282314,0,Hard,17,85,77,26,High
9894,20,Female,Europe,Action,16.842214604394172,0,Easy,9,93,6,14,Medium
9895,38,Male,USA,Strategy,10.404927075044876,0,Hard,8,165,95,38,High
9896,47,Female,USA,Sports,4.651960170233573,0,Easy,14,176,72,44,Low
9897,43,Female,USA,RPG,9.647288619561518,0,Medium,19,118,18,47,High
9898,36,Male,Asia,Sports,20.66869366957813,1,Medium,19,78,25,26,High
9899,40,Male,Europe,Simulation,5.499127360337354,0,Medium,10,40,47,37,Medium
9900,42,Female,USA,Action,15.398321381937972,0,Medium,9,87,48,13,Medium
9901,35,Male,Europe,Sports,18.293779129525223,0,Easy,7,136,49,2,Medium
9902,21,Male,Europe,Action,7.886131586893992,0,Easy,7,116,43,8,Medium
9903,31,Female,USA,Action,6.356894038345391,0,Easy,8,32,89,40,Medium
9904,34,Male,Asia,Action,16.578311995258623,0,Easy,13,159,10,16,High
9905,34,Male,Asia,Simulation,2.124411361476115,0,Hard,0,141,54,14,Low
9906,36,Female,USA,Sports,13.368571688351143,0,Medium,3,160,74,14,Medium
9907,42,Female,Europe,Simulation,21.07297400360894,0,Easy,15,143,54,4,High
9908,21,Male,USA,Strategy,14.488349127137235,0,Easy,16,63,94,31,Medium
9909,15,Male,USA,Sports,9.005021001820875,0,Easy,18,121,67,42,High
9910,46,Female,Asia,Sports,18.50056149351387,1,Medium,4,14,23,16,Low
9911,27,Male,Asia,Simulation,8.76702406244085,0,Easy,8,118,93,47,Medium
9912,44,Female,USA,Sports,6.034395634028513,1,Medium,2,105,87,3,Low
9913,37,Male,Europe,Simulation,2.107041699023217,0,Easy,11,42,73,12,Medium
9914,33,Female,Europe,Action,20.84770907016529,0,Easy,15,92,68,5,Medium
9915,46,Male,USA,Strategy,15.417521958896492,0,Medium,16,10,38,30,High
9916,44,Female,USA,Action,11.362371891802317,1,Easy,1,32,43,28,Low
9917,43,Male,Asia,RPG,15.460637114848154,1,Easy,14,62,64,4,Medium
9918,43,Male,Asia,RPG,3.870267417599414,0,Easy,18,16,35,10,Low
9919,44,Male,Asia,Action,0.6439422134097175,0,Hard,10,91,72,20,Medium
9920,30,Male,USA,Simulation,19.32467873212109,0,Hard,14,95,72,13,Medium
9921,33,Male,Other,RPG,21.685103020800273,0,Easy,13,87,34,26,Medium
9922,32,Female,Other,RPG,2.4103475431166066,0,Easy,9,36,30,21,Medium
9923,15,Female,Asia,Simulation,10.21268410188923,0,Easy,17,109,81,45,High
9924,28,Male,USA,Sports,21.71097427871037,0,Easy,7,139,12,24,Medium
9925,16,Male,Europe,Simulation,19.447133209241862,0,Hard,2,28,32,23,Low
9926,42,Female,Asia,Strategy,9.674526990631911,0,Easy,17,84,8,48,High
9927,44,Male,USA,Sports,2.2890807853366413,0,Hard,17,25,20,13,Medium
9928,18,Male,USA,Sports,7.750530758736803,1,Medium,3,156,62,4,Medium
9929,15,Male,Asia,Strategy,19.497178127742608,0,Hard,16,56,36,28,Medium
9930,22,Male,USA,Action,5.670007533396759,0,Hard,1,101,63,9,Low
9931,43,Male,Other,Sports,22.334493983275518,1,Hard,13,47,88,8,Medium
9932,17,Female,Europe,Sports,8.741944783884993,0,Easy,5,112,98,37,Medium
9933,46,Male,Europe,Action,20.465793805066234,0,Medium,11,72,13,46,Medium
9934,24,Female,Asia,Strategy,10.241229595769138,1,Medium,1,36,7,35,Low
9935,24,Male,USA,Sports,12.790548321388076,0,Easy,12,98,57,39,Medium
9936,33,Male,Asia,Action,19.111950805211748,0,Easy,11,59,66,17,Medium
9937,48,Male,Europe,Strategy,7.5703969270370175,1,Medium,10,145,40,48,High
9938,47,Female,Europe,Strategy,0.26196265376789096,0,Easy,7,66,20,34,Medium
9939,37,Male,USA,RPG,4.176877113316059,1,Easy,10,52,92,44,Medium
9940,42,Male,Asia,Sports,9.015848914516983,0,Easy,2,22,48,43,Low
9941,46,Male,USA,Sports,22.935759493601683,0,Medium,7,170,43,45,Medium
9942,21,Male,Europe,Action,22.247101441823034,0,Easy,16,43,19,48,Medium
9943,43,Male,USA,Action,23.023466836293423,0,Hard,18,87,36,44,High
9944,22,Male,Other,RPG,21.196528958493214,1,Hard,13,10,78,8,Low
9945,15,Male,USA,Action,18.247618977790598,0,Hard,17,52,87,6,Medium
9946,17,Female,Asia,RPG,0.3523708996520112,0,Hard,11,51,17,2,Medium
9947,38,Male,USA,Simulation,10.59456600065956,0,Easy,12,66,45,17,Medium
9948,37,Female,USA,RPG,23.21697765673151,0,Hard,2,110,35,6,Low
9949,22,Male,Europe,Simulation,2.6663591130271813,0,Easy,9,95,7,46,Medium
9950,17,Male,Asia,RPG,17.512650719291155,0,Easy,14,84,36,18,Medium
9951,47,Female,Europe,Simulation,17.818522868153792,1,Easy,12,114,27,15,Medium
9952,42,Female,Asia,Sports,5.146122002873991,0,Medium,5,29,38,11,Low
9953,22,Female,USA,RPG,22.27951641945532,1,Hard,4,58,83,24,Medium
9954,48,Female,Other,Strategy,5.150052505823308,1,Easy,8,61,33,11,High
9955,49,Female,USA,RPG,22.64732204219334,1,Hard,13,146,64,36,High
9956,46,Male,Asia,Action,14.415226717281538,0,Easy,7,149,41,29,Medium
9957,38,Male,USA,Sports,0.19720736764742774,0,Easy,13,98,50,42,Low
9958,28,Male,Asia,Sports,14.67697788240553,1,Easy,0,161,37,39,Low
9959,46,Female,Asia,Action,13.32843780150439,0,Medium,7,91,62,47,Medium
9960,30,Female,Europe,Action,15.739792970232315,0,Medium,8,99,39,35,Medium
9961,18,Female,Europe,Simulation,12.555055043063877,0,Easy,17,160,74,45,High
9962,35,Male,Asia,Sports,14.267064963783241,0,Hard,15,159,74,23,High
9963,28,Female,Asia,Simulation,14.211551813360057,1,Easy,0,125,73,28,Low
9964,45,Male,Asia,Sports,19.895803393987077,0,Easy,2,139,14,11,Low
9965,32,Female,Other,Strategy,15.864858178857308,0,Hard,19,143,94,47,High
9966,21,Male,Europe,Sports,6.6088432136564235,0,Easy,0,122,97,44,Low
9967,24,Female,Europe,Sports,1.1719749413313574,0,Hard,11,121,4,7,High
9968,21,Male,Europe,Strategy,9.68720767555282,0,Medium,19,11,66,15,Low
9969,47,Male,Europe,Strategy,15.699623183471868,0,Easy,15,111,99,5,High
9970,37,Female,Europe,Strategy,5.394714301762041,0,Hard,9,75,57,42,Medium
9971,35,Female,Europe,Strategy,23.340344997774952,1,Medium,12,48,66,1,Medium
9972,33,Male,Asia,RPG,23.704749781151868,0,Medium,3,27,42,23,Low
9973,33,Female,Other,RPG,10.938374847565328,0,Medium,17,28,6,22,Medium
9974,43,Female,USA,Sports,23.121484226133937,0,Medium,18,87,32,14,High
9975,32,Male,Europe,RPG,17.85900394930026,0,Medium,6,32,64,2,Low
9976,16,Male,USA,Strategy,15.747175887506769,1,Hard,18,75,44,17,Medium
9977,15,Male,Europe,Strategy,18.220465927704115,0,Medium,6,42,1,22,Low
9978,19,Male,USA,RPG,16.371666461975796,1,Medium,6,43,34,47,Medium
9979,34,Female,Asia,RPG,19.8948308623354,0,Easy,13,46,41,46,Medium
9980,25,Male,Asia,RPG,0.5511802460604738,0,Easy,4,96,86,36,Medium
9981,16,Female,Asia,RPG,21.641221700689808,0,Medium,14,172,3,2,High
9982,17,Female,Europe,Action,5.818344211504746,0,Easy,4,35,78,46,Medium
9983,37,Female,Europe,Action,13.115062741619234,0,Easy,18,70,43,23,Medium
9984,26,Female,Europe,Sports,20.513087236200384,1,Easy,4,25,7,5,Low
9985,34,Female,Europe,RPG,7.9784093284639965,0,Easy,13,26,19,33,Medium
9986,19,Male,Asia,Action,23.691944110139456,1,Easy,0,69,68,17,Low
9987,44,Female,Asia,Action,4.566566789148738,0,Medium,7,174,3,42,Medium
9988,23,Female,Europe,Sports,5.06198373790616,0,Easy,15,31,31,18,Medium
9989,48,Male,USA,Action,12.157842826508869,0,Hard,19,153,83,25,High
9990,49,Female,USA,RPG,1.8525726283557074,1,Easy,10,37,50,45,Medium
9991,36,Male,USA,Sports,0.3858717665786653,0,Easy,11,100,47,20,Medium
9992,38,Male,Europe,Sports,15.956790509104284,1,Easy,11,105,86,8,Medium
9993,31,Female,USA,Sports,11.03841884275956,0,Easy,6,121,16,4,Medium
9994,24,Female,Europe,Strategy,17.056694861106674,0,Medium,17,103,87,22,High
9995,44,Female,USA,Action,22.9333160204502,0,Easy,7,146,61,33,Medium
9996,37,Male,USA,Sports,22.63337820196425,1,Hard,18,136,18,38,High
9997,46,Female,Asia,Action,17.956277972708108,0,Easy,6,16,41,15,Low
9998,31,Female,Other,Strategy,10.35364664768591,0,Medium,7,143,10,1,Medium
9999,31,Male,USA,Strategy,10.930550303493291,0,Medium,11,134,33,47,High
10000,28,Male,USA,Sports,11.083069387056366,0,Hard,8,122,56,20,Medium
10001,23,Female,USA,Sports,20.596290261064258,1,Hard,14,43,90,22,Medium
10002,16,Male,USA,RPG,19.594483494524177,0,Medium,16,125,62,13,High
10003,39,Male,USA,Sports,16.938088156285545,0,Medium,17,100,32,14,High
10004,23,Male,USA,Simulation,15.667229125238745,0,Medium,12,89,52,35,Low
10005,36,Female,Other,Action,6.710785204493971,0,Easy,14,138,66,20,Medium
10006,18,Male,Europe,Sports,12.627136947530985,0,Medium,19,35,56,18,Medium
10007,40,Male,USA,RPG,8.146363692790448,1,Medium,8,76,16,5,Medium
10008,43,Male,USA,Strategy,13.858386359644026,0,Medium,6,164,12,7,Medium
10009,48,Male,Europe,Strategy,21.95929769722276,1,Medium,6,45,15,0,Low
10010,37,Male,Europe,Simulation,13.249735009971221,0,Medium,16,18,5,2,Low
10011,25,Male,USA,Sports,23.944820318647775,0,Easy,14,57,79,22,Medium
10012,20,Male,USA,Simulation,11.982430476910363,0,Easy,15,161,47,39,High
10013,32,Male,USA,RPG,4.1051768722428115,0,Easy,14,77,33,6,Medium
10014,35,Female,USA,Action,23.508198080076998,0,Easy,14,55,44,39,Low
10015,48,Male,USA,RPG,4.085189526658811,0,Hard,12,21,92,12,Low
10016,31,Female,Europe,Simulation,13.839058081673127,1,Easy,0,165,2,2,Low
10017,39,Female,Europe,Simulation,17.43524245656221,0,Medium,14,79,23,49,Medium
10018,26,Male,Europe,Strategy,11.618703832421119,0,Hard,11,40,63,20,Medium
10019,37,Male,Other,RPG,1.0239641757093478,0,Medium,11,155,57,8,High
10020,36,Female,Europe,Action,15.102072660393919,0,Hard,11,117,5,49,Medium
10021,35,Female,Asia,Strategy,23.662153167142417,0,Medium,19,59,85,30,Medium
10022,41,Male,Other,Action,16.373723343736412,0,Hard,3,46,23,20,Low
10023,45,Male,Asia,Sports,14.68582570176302,0,Hard,7,75,87,38,Medium
10024,20,Male,USA,Simulation,14.164485455082273,0,Easy,17,27,41,30,Medium
10025,41,Female,Europe,Action,8.665396723924411,0,Easy,1,150,81,7,Low
10026,48,Female,USA,RPG,6.905734263177769,0,Medium,7,63,24,29,Medium
10027,26,Male,Europe,Strategy,17.500379655438426,0,Medium,9,32,64,0,High
10028,21,Male,USA,Simulation,7.017133677861432,0,Hard,5,161,1,9,Medium
10029,24,Male,USA,Strategy,21.90539635389986,0,Easy,3,37,60,19,Low
10030,31,Female,Asia,Sports,4.638307854106136,1,Hard,10,35,10,33,Medium
10031,40,Male,Europe,Strategy,23.368934551031966,1,Medium,10,144,50,14,High
10032,35,Female,Other,Action,10.527835983777175,0,Easy,6,144,76,35,Medium
10033,42,Male,Europe,Strategy,2.28585707577695,0,Easy,2,66,4,14,Low
10034,16,Female,USA,Strategy,0.9413049152275699,1,Easy,12,118,24,30,High
10035,15,Male,USA,Sports,19.950264138688656,0,Easy,8,161,45,40,Medium
10036,40,Female,Europe,Action,12.416097272699082,0,Hard,2,152,63,15,High
10037,43,Male,USA,Strategy,4.689238854774388,0,Easy,6,42,64,34,Medium
10038,35,Female,Other,Sports,6.346640443931234,0,Medium,13,32,25,25,Medium
10039,25,Male,USA,Strategy,2.3527843176413796,0,Easy,12,39,14,23,Medium
10040,25,Female,USA,Action,6.191225289112831,0,Medium,18,159,4,16,High
10041,49,Male,USA,RPG,1.932701871043741,0,Easy,4,42,4,9,Low
10042,48,Male,Asia,Strategy,9.978631585027568,0,Easy,2,102,35,32,Low
10043,38,Male,Europe,Strategy,11.412490004977997,0,Easy,16,100,20,17,High
10044,36,Male,Asia,RPG,13.444849291763497,0,Hard,16,168,61,35,High
10045,19,Male,USA,RPG,13.63758530389908,0,Medium,19,148,11,41,Low
10046,47,Male,Europe,RPG,7.229782045132806,0,Easy,9,16,8,3,Low
10047,34,Male,Asia,Strategy,20.91042051797258,0,Easy,10,75,45,48,Medium
10048,33,Male,USA,RPG,7.62659662242674,1,Easy,15,169,30,45,High
10049,49,Male,Asia,Strategy,13.966729645660447,0,Easy,1,176,33,37,Low
10050,31,Male,Europe,Strategy,7.532471832912383,1,Easy,8,34,32,26,Low
10051,48,Male,USA,Simulation,19.863005800533035,0,Easy,13,122,56,12,High
10052,23,Male,USA,Action,23.94756512734118,0,Hard,11,32,11,14,Medium
10053,40,Female,USA,Action,4.095120946392177,0,Easy,13,59,82,19,Medium
10054,16,Male,Europe,Strategy,22.919246671810853,0,Hard,8,154,93,15,Medium
10055,23,Female,Europe,RPG,1.7061011025433652,1,Hard,6,58,72,19,Medium
10056,23,Male,Europe,Strategy,19.321886300550787,0,Easy,8,144,31,23,Medium
10057,31,Female,USA,Action,22.63595494957469,0,Easy,17,170,22,13,High
10058,15,Male,Europe,Action,15.628356155015139,0,Medium,2,14,62,36,Low
10059,39,Female,USA,Sports,7.848954176790933,0,Medium,2,104,63,42,Medium
10060,39,Male,Europe,Strategy,4.665946065228615,0,Medium,4,97,61,30,Medium
10061,49,Male,Asia,RPG,19.668028158112573,0,Medium,6,123,93,11,Medium
10062,17,Male,Europe,Strategy,2.3489003118710468,0,Hard,10,73,62,16,High
10063,44,Male,USA,RPG,11.490593036455227,1,Easy,11,75,7,24,Medium
10064,48,Male,Asia,RPG,19.143322021221408,1,Easy,16,98,17,46,High
10065,26,Male,USA,Action,19.82850500825409,0,Easy,9,73,43,38,Medium
10066,33,Female,Europe,Sports,8.391289808729576,0,Medium,19,81,39,5,High
10067,31,Male,USA,Action,12.623664731579161,0,Easy,3,67,9,39,Low
10068,24,Male,Asia,Strategy,3.550526701457388,1,Medium,3,76,68,49,High
10069,26,Female,Europe,Simulation,13.792159442336626,0,Easy,5,116,76,24,Medium
10070,30,Female,Europe,Simulation,11.284786948592352,1,Medium,17,99,15,28,High
10071,38,Male,Other,RPG,21.786900630442496,1,Easy,8,53,92,15,Medium
10072,33,Female,Europe,Action,11.171827030427059,0,Medium,14,76,60,35,Medium
10073,22,Male,USA,Simulation,15.248631368899577,0,Medium,4,146,4,9,Medium
10074,45,Male,Other,Sports,8.83250791597114,0,Medium,7,88,16,33,Medium
10075,35,Male,USA,Strategy,6.762833399146554,0,Easy,13,102,49,45,High
10076,31,Male,Europe,RPG,3.0698671223577376,0,Hard,19,154,68,9,High
10077,37,Male,Europe,Strategy,12.084992021545787,1,Easy,15,173,38,45,High
10078,30,Male,Asia,RPG,12.676102674457972,0,Easy,12,108,61,26,Medium
10079,20,Male,Europe,Action,9.479096803151835,0,Easy,18,160,18,12,High
10080,22,Male,Asia,Simulation,13.402234948798915,0,Medium,11,44,45,37,Medium
10081,39,Female,Asia,RPG,14.09923134319285,1,Easy,7,13,1,19,Low
10082,32,Female,USA,RPG,2.9142729804791108,0,Medium,10,139,3,19,Medium
10083,39,Female,Asia,Action,6.337729744665358,0,Easy,17,59,44,6,Low
10084,26,Female,Europe,Sports,20.648943990399065,0,Medium,16,33,78,3,Medium
10085,29,Female,USA,Strategy,11.600916855254658,0,Easy,0,160,74,43,Low
10086,40,Female,USA,Simulation,8.326065823345232,0,Hard,6,56,33,4,Medium
10087,40,Male,Asia,Strategy,1.7102795857424438,1,Easy,11,114,97,25,Medium
10088,46,Male,Other,Simulation,12.208894301060734,0,Medium,17,12,37,40,Low
10089,24,Male,Asia,Sports,15.39191455656469,0,Easy,1,99,73,48,Low
10090,30,Male,Asia,Action,13.577161561100667,1,Easy,12,129,10,18,High
10091,21,Male,USA,RPG,18.875991739713605,0,Medium,3,166,21,46,Medium
10092,31,Male,USA,Simulation,6.719045187933003,1,Easy,1,92,68,34,Low
10093,37,Female,Europe,Action,1.233878057374672,0,Medium,12,158,84,7,High
10094,40,Male,USA,Simulation,13.909260767468913,1,Easy,2,110,77,6,Medium
10095,35,Male,Europe,Simulation,5.54538857117549,0,Easy,7,133,42,25,Medium
10096,36,Male,USA,RPG,4.382726884400318,1,Easy,5,169,44,20,Medium
10097,21,Female,Europe,Action,15.578916172917292,0,Medium,18,178,42,44,Low
10098,28,Male,USA,Strategy,12.814229277482802,0,Easy,2,33,18,39,Low
10099,29,Male,USA,RPG,20.52739386937127,1,Easy,6,25,95,0,Low
